,交易日期,CV_1,intensity_1,size_1,sizevol_1
0,2016-02-01,0.0002612358684247713,0,0.0,0.0
1,2016-02-02,0.00023491929211335902,0,0.0,0.0
2,2016-02-03,0.0002138688834406535,0,0.0,0.0
3,2016-02-04,0.00016165298467845846,0,0.0,0.0
4,2016-02-05,7.691424902869903e-05,0,0.0,0.0
5,2016-02-15,0.00011981999966068233,0,0.0,0.0
6,2016-02-16,0.0001546853872299271,0,0.0,0.0
7,2016-02-17,0.00010071190456080596,0,0.0,0.0
8,2016-02-18,0.00011603145256902169,0,0.0,0.0
9,2016-02-19,7.842719587865826e-05,1,0.11080872737070666,2.51718174785121
10,2016-02-22,0.00015691063762145362,0,0.0,0.0
11,2016-02-23,0.00012248068458269054,0,0.0,0.0
12,2016-02-24,0.0001325951582625327,0,0.0,0.0
13,2016-02-25,0.00031575265829433265,0,0.0,0.0
14,2016-02-26,0.0002695439534874828,0,0.0,0.0
15,2016-02-29,0.0005871545052628952,0,0.0,0.0
16,2016-03-01,0.00034788593058739716,0,0.0,0.0
17,2016-03-02,0.00024540180859933887,0,0.0,0.0
18,2016-03-03,0.0002187737749280523,0,0.0,0.0
19,2016-03-04,0.0006228091042761942,0,0.0,0.0
20,2016-03-07,0.0002345705345681948,0,0.0,0.0
21,2016-03-08,0.00039270061164828216,0,0.0,0.0
22,2016-03-09,0.00034651384878096625,0,0.0,0.0
23,2016-03-10,0.00022466688106863962,0,0.0,0.0
24,2016-03-11,0.0002951444395043603,0,0.0,0.0
25,2016-03-14,0.00020197444063388517,0,0.0,0.0
26,2016-03-15,0.00021286443830876428,1,0.17020361335130044,6.460347267294458
27,2016-03-16,0.00033261910148724253,0,0.0,0.0
28,2016-03-17,0.00018292756748949137,0,0.0,0.0
29,2016-03-18,0.00015465536498883062,0,0.0,0.0
30,2016-03-21,0.00023515036749776816,0,0.0,0.0
31,2016-03-22,0.000135233014211316,0,0.0,0.0
32,2016-03-23,0.00019346235080393455,0,0.0,0.0
33,2016-03-24,0.00014223032998107824,0,0.0,0.0
34,2016-03-25,0.00011787735515853551,0,0.0,0.0
35,2016-03-28,0.0001041148979820788,0,0.0,0.0
36,2016-03-29,0.00013728319467773583,0,0.0,0.0
37,2016-03-30,0.00010289703560252952,0,0.0,0.0
38,2016-03-31,0.00010111904156657667,0,0.0,0.0
39,2016-04-01,0.00018030676154526687,0,0.0,0.0
40,2016-04-05,8.432193585774499e-05,1,0.11452353867631349,2.780599243927913
41,2016-04-06,7.714298001892125e-05,0,0.0,0.0
42,2016-04-07,0.0001156956947768736,0,0.0,0.0
43,2016-04-08,9.637187859772309e-05,0,0.0,0.0
44,2016-04-11,8.376007982334522e-05,0,0.0,0.0
45,2016-04-12,7.817165839566731e-05,0,0.0,0.0
46,2016-04-13,0.0001175962690693367,0,0.0,0.0
47,2016-04-14,7.265169400985778e-05,0,0.0,0.0
48,2016-04-15,6.223802294736654e-05,0,0.0,0.0
49,2016-04-18,7.649636619458657e-05,0,0.0,0.0
50,2016-04-19,4.183094982473665e-05,1,0.0782658383181494,1.133266647700711
51,2016-04-20,0.00022334899506557676,0,0.0,0.0
52,2016-04-21,0.00010002645329036367,1,0.1247966630804922,3.301828656779732
53,2016-04-22,0.0001353478045621229,0,0.0,0.0
54,2016-04-25,9.870863103674036e-05,0,0.0,0.0
55,2016-04-26,9.658080693145552e-05,0,0.0,0.0
56,2016-04-27,5.127616321475947e-05,0,0.0,0.0
57,2016-04-28,5.8604115197637626e-05,0,0.0,0.0
58,2016-04-29,5.7474682846185926e-05,0,0.0,0.0
59,2016-05-03,8.491744883040606e-05,0,0.0,0.0
60,2016-05-04,6.610803077617e-05,0,0.0,0.0
61,2016-05-05,5.2279876923178195e-05,0,0.0,0.0
62,2016-05-06,8.581667590836042e-05,0,0.0,0.0
63,2016-05-09,9.981451048955184e-05,0,0.0,0.0
64,2016-05-10,7.070293167498193e-05,0,0.0,0.0
65,2016-05-11,8.036193406444463e-05,0,0.0,0.0
66,2016-05-12,0.00011840940183793563,0,0.0,0.0
67,2016-05-13,5.582023310106737e-05,1,0.09239560959101309,1.7330549872708823
68,2016-05-16,9.74359899088692e-05,0,0.0,0.0
69,2016-05-17,8.019785308486275e-05,0,0.0,0.0
70,2016-05-18,8.903110972772445e-05,1,0.11705101845951836,2.9183852883296963
71,2016-05-19,7.802782743322071e-05,0,0.0,0.0
72,2016-05-20,5.6774264895539235e-05,0,0.0,0.0
73,2016-05-23,7.645663440753679e-05,0,0.0,0.0
74,2016-05-24,5.79718602485817e-05,0,0.0,0.0
75,2016-05-25,5.234656789248418e-05,0,0.0,0.0
76,2016-05-26,7.951492523516321e-05,0,0.0,0.0
77,2016-05-27,5.292152644539493e-05,0,0.0,0.0
78,2016-05-30,7.183767125914497e-05,0,0.0,0.0
79,2016-05-31,0.00013685178421570933,0,0.0,0.0
80,2016-06-01,4.56627095507876e-05,0,0.0,0.0
81,2016-06-02,4.811652012636635e-05,0,0.0,0.0
82,2016-06-03,5.5098383444149926e-05,0,0.0,0.0
83,2016-06-06,4.7357789176111274e-05,0,0.0,0.0
84,2016-06-07,3.78440941243175e-05,0,0.0,0.0
85,2016-06-08,4.11700429642058e-05,0,0.0,0.0
86,2016-06-13,5.728236445905388e-05,0,0.0,0.0
87,2016-06-14,6.34209528865711e-05,0,0.0,0.0
88,2016-06-15,7.512804636883405e-05,0,0.0,0.0
89,2016-06-16,3.4398889972294494e-05,1,0.07548813788559128,1.0827450686336686
90,2016-06-17,7.905724342457005e-05,0,0.0,0.0
91,2016-06-20,5.4148157717179476e-05,0,0.0,0.0
92,2016-06-21,0.00010868540113096218,0,0.0,0.0
93,2016-06-22,9.01125838728079e-05,0,0.0,0.0
94,2016-06-23,5.160874853783606e-05,0,0.0,0.0
95,2016-06-24,0.00012136401715721201,1,0.12215106146821256,3.0440179717683358
96,2016-06-27,6.461815988106865e-05,0,0.0,0.0
97,2016-06-28,5.472825237625662e-05,0,0.0,0.0
98,2016-06-29,5.8894117686272086e-05,0,0.0,0.0
99,2016-06-30,4.7311657637107485e-05,0,0.0,0.0
100,2016-07-01,4.08838451533592e-05,0,0.0,0.0
101,2016-07-04,6.558977090158051e-05,0,0.0,0.0
102,2016-07-05,5.48699123962658e-05,0,0.0,0.0
103,2016-07-06,5.194544737529327e-05,0,0.0,0.0
104,2016-07-07,5.888405691871332e-05,0,0.0,0.0
105,2016-07-08,4.395577163557581e-05,0,0.0,0.0
106,2016-07-11,8.098363138485989e-05,0,0.0,0.0
107,2016-07-12,8.130819646441626e-05,0,0.0,0.0
108,2016-07-13,9.45131394141593e-05,0,0.0,0.0
109,2016-07-14,5.578733813276295e-05,0,0.0,0.0
110,2016-07-15,5.0623409212965643e-05,0,0.0,0.0
111,2016-07-18,7.261827239528579e-05,0,0.0,0.0
112,2016-07-19,9.476537236255215e-05,0,0.0,0.0
113,2016-07-20,5.469284425090028e-05,0,0.0,0.0
114,2016-07-21,4.302501442068666e-05,1,0.07987199750241293,1.2057758839966954
115,2016-07-22,5.551903582664087e-05,0,0.0,0.0
116,2016-07-25,3.829611197182378e-05,0,0.0,0.0
117,2016-07-26,4.790490454852904e-05,0,0.0,0.0
118,2016-07-27,0.0001753093354775042,0,0.0,0.0
119,2016-07-28,0.00010545569539126902,0,0.0,0.0
120,2016-07-29,2.748188127166095e-05,1,0.0625573631554582,0.6731375436433064
121,2016-08-01,5.338206809453613e-05,1,0.08919776723969541,1.60721391189194
122,2016-08-02,3.587935762888728e-05,0,0.0,0.0
123,2016-08-03,3.8438461619429504e-05,0,0.0,0.0
124,2016-08-04,4.900893958380312e-05,0,0.0,0.0
125,2016-08-05,2.288873357278377e-05,1,0.05789444722396505,0.5296054594985137
126,2016-08-08,5.1068457835543084e-05,0,0.0,0.0
127,2016-08-09,2.8224051846441575e-05,1,0.06187797855532589,0.6547673484889339
128,2016-08-10,3.982613895188382e-05,0,0.0,0.0
129,2016-08-11,8.545296010892544e-05,0,0.0,0.0
130,2016-08-12,8.774984820351917e-05,0,0.0,0.0
131,2016-08-15,0.00015635753507271759,0,0.0,0.0
132,2016-08-16,9.165359239730439e-05,0,0.0,0.0
133,2016-08-17,6.62677809896009e-05,0,0.0,0.0
134,2016-08-18,6.097145791811274e-05,1,0.09241292847599135,1.6739279362839294
135,2016-08-19,5.635806544815003e-05,0,0.0,0.0
136,2016-08-22,6.101719253230079e-05,0,0.0,0.0
137,2016-08-23,5.4093991577731517e-05,0,0.0,0.0
138,2016-08-24,4.046645724380887e-05,0,0.0,0.0
139,2016-08-25,6.313484521331582e-05,0,0.0,0.0
140,2016-08-26,3.8300732310037835e-05,0,0.0,0.0
141,2016-08-29,4.687733400604951e-05,0,0.0,0.0
142,2016-08-30,3.15626135501605e-05,0,0.0,0.0
143,2016-08-31,4.139547158069913e-05,0,0.0,0.0
144,2016-09-01,2.6317547508048432e-05,1,0.06270683892804763,0.6842215839217636
145,2016-09-02,7.069680032460391e-05,0,0.0,0.0
146,2016-09-05,4.277495492914488e-05,0,0.0,0.0
147,2016-09-06,4.621018761705043e-05,0,0.0,0.0
148,2016-09-07,3.748774559654719e-05,0,0.0,0.0
149,2016-09-08,3.0186168792301214e-05,0,0.0,0.0
150,2016-09-09,2.559812688129786e-05,0,0.0,0.0
151,2016-09-12,5.465698877542526e-05,1,0.0878094479061098,1.5421533940882144
152,2016-09-13,3.3800920005678636e-05,0,0.0,0.0
153,2016-09-14,4.516708521758269e-05,0,0.0,0.0
154,2016-09-19,3.1494762853420096e-05,0,0.0,0.0
155,2016-09-20,2.4973744866845947e-05,0,0.0,0.0
156,2016-09-21,2.4510344170938e-05,0,0.0,0.0
157,2016-09-22,3.6122981888589706e-05,0,0.0,0.0
158,2016-09-23,2.263927960410165e-05,0,0.0,0.0
159,2016-09-26,2.5789440372651156e-05,0,0.0,0.0
160,2016-09-27,3.3487219600963986e-05,0,0.0,0.0
161,2016-09-28,2.2396202476368944e-05,0,0.0,0.0
162,2016-09-29,3.7933199260582444e-05,0,0.0,0.0
163,2016-09-30,2.2436712431639917e-05,0,0.0,0.0
164,2016-10-10,3.818469351042076e-05,0,0.0,0.0
165,2016-10-11,3.144488395498299e-05,0,0.0,0.0
166,2016-10-12,2.6483552670098126e-05,0,0.0,0.0
167,2016-10-13,2.8646747951524897e-05,0,0.0,0.0
168,2016-10-14,2.0333686619270538e-05,1,0.053792748650004045,0.480368250041856
169,2016-10-17,2.5242098016728685e-05,1,0.06146097719335555,0.68752233241334
170,2016-10-18,4.435159196594808e-05,0,0.0,0.0
171,2016-10-19,2.921150982125474e-05,0,0.0,0.0
172,2016-10-20,3.079325694073456e-05,0,0.0,0.0
173,2016-10-21,4.525296693097429e-05,0,0.0,0.0
174,2016-10-24,7.501612291114569e-05,0,0.0,0.0
175,2016-10-25,3.120316135807382e-05,0,0.0,0.0
176,2016-10-26,3.167508255177754e-05,0,0.0,0.0
177,2016-10-27,2.7863346298701013e-05,0,0.0,0.0
178,2016-10-28,5.2606435138682876e-05,0,0.0,0.0
179,2016-10-31,4.4315242841253974e-05,0,0.0,0.0
180,2016-11-01,2.2942760735793503e-05,1,0.059240395692765305,0.60715661457273
181,2016-11-02,3.901672205990168e-05,0,0.0,0.0
182,2016-11-03,6.227479468728915e-05,0,0.0,0.0
183,2016-11-04,4.4021344434169694e-05,0,0.0,0.0
184,2016-11-07,3.395666692671352e-05,0,0.0,0.0
185,2016-11-08,3.80243659212466e-05,0,0.0,0.0
186,2016-11-09,8.002647783778934e-05,0,0.0,0.0
187,2016-11-10,4.043380834602904e-05,0,0.0,0.0
188,2016-11-11,6.388656613616502e-05,0,0.0,0.0
189,2016-11-14,7.016731377828198e-05,0,0.0,0.0
190,2016-11-15,3.143411063218142e-05,0,0.0,0.0
191,2016-11-16,3.2773116148447406e-05,0,0.0,0.0
192,2016-11-17,3.983098807273544e-05,0,0.0,0.0
193,2016-11-18,3.901648745307581e-05,0,0.0,0.0
194,2016-11-21,7.384791438643255e-05,0,0.0,0.0
195,2016-11-22,5.179890989595324e-05,0,0.0,0.0
196,2016-11-23,5.773708524861441e-05,0,0.0,0.0
197,2016-11-24,3.1620387298183764e-05,1,0.07613801881411131,1.1478422339503203
198,2016-11-25,9.234950781700909e-05,0,0.0,0.0
199,2016-11-28,7.756252727848185e-05,0,0.0,0.0
200,2016-11-29,0.00013790594059157947,0,0.0,0.0
201,2016-11-30,9.137491678192996e-05,0,0.0,0.0
202,2016-12-01,7.460769528265622e-05,0,0.0,0.0
203,2016-12-02,0.00010264979090926973,0,0.0,0.0
204,2016-12-05,8.276953908227462e-05,0,0.0,0.0
205,2016-12-06,3.63538887264632e-05,0,0.0,0.0
206,2016-12-07,3.8001003009163994e-05,0,0.0,0.0
207,2016-12-08,4.344498053276617e-05,0,0.0,0.0
208,2016-12-09,6.035030081522156e-05,1,0.1001966735590578,2.088251783883151
209,2016-12-12,0.00017247139095073836,0,0.0,0.0
210,2016-12-13,5.969814097584424e-05,0,0.0,0.0
211,2016-12-14,5.5291924611524866e-05,0,0.0,0.0
212,2016-12-15,0.0001220746094347806,0,0.0,0.0
213,2016-12-16,4.826247257661083e-05,0,0.0,0.0
214,2016-12-19,6.234499890714153e-05,0,0.0,0.0
215,2016-12-20,8.892132358987413e-05,0,0.0,0.0
216,2016-12-21,5.6843864484965124e-05,0,0.0,0.0
217,2016-12-22,5.393746181004882e-05,0,0.0,0.0
218,2016-12-23,5.280814429228176e-05,0,0.0,0.0
219,2016-12-26,5.1665977170686585e-05,1,0.08697938285108645,1.467741658541014
220,2016-12-27,3.3549924537990186e-05,0,0.0,0.0
221,2016-12-28,3.0543720659094685e-05,0,0.0,0.0
222,2016-12-29,2.6041517418011584e-05,1,0.06121784742541041,0.6596086828388462
223,2016-12-30,3.9158263553162184e-05,0,0.0,0.0
224,2017-01-03,5.266997105234722e-05,0,0.0,0.0
225,2017-01-04,4.326298711597967e-05,0,0.0,0.0
226,2017-01-05,2.9856302768690094e-05,0,0.0,0.0
227,2017-01-06,2.9559747687654163e-05,0,0.0,0.0
228,2017-01-09,2.7374867016498116e-05,0,0.0,0.0
229,2017-01-10,2.5334530535582797e-05,0,0.0,0.0
230,2017-01-11,3.955358317404309e-05,0,0.0,0.0
231,2017-01-12,3.3158894134045006e-05,0,0.0,0.0
232,2017-01-13,5.884089729763738e-05,0,0.0,0.0
233,2017-01-16,0.00015636613733832706,0,0.0,0.0
234,2017-01-17,4.166353592811365e-05,0,0.0,0.0
235,2017-01-18,4.6241705589654e-05,0,0.0,0.0
236,2017-01-19,3.5515942773543276e-05,0,0.0,0.0
237,2017-01-20,3.550809630091198e-05,0,0.0,0.0
238,2017-01-23,2.8571686882845227e-05,0,0.0,0.0
239,2017-01-24,2.6612538995960605e-05,0,0.0,0.0
240,2017-01-25,2.51156297396867e-05,0,0.0,0.0
241,2017-01-26,2.534532365558683e-05,0,0.0,0.0
242,2017-02-03,4.3189815983114617e-05,0,0.0,0.0
243,2017-02-06,3.588082169402604e-05,0,0.0,0.0
244,2017-02-07,3.439091099165283e-05,0,0.0,0.0
245,2017-02-08,3.0297676457617092e-05,0,0.0,0.0
246,2017-02-09,3.714297795030444e-05,0,0.0,0.0
247,2017-02-10,3.702118187699183e-05,0,0.0,0.0
248,2017-02-13,2.959709449501839e-05,0,0.0,0.0
249,2017-02-14,2.755237825862917e-05,0,0.0,0.0
250,2017-02-15,2.761713287487642e-05,0,0.0,0.0
251,2017-02-16,1.6186500478302116e-05,0,0.0,0.0
252,2017-02-17,3.4366135362660496e-05,0,0.0,0.0
253,2017-02-20,3.899274317629861e-05,0,0.0,0.0
254,2017-02-21,3.705123538631708e-05,0,0.0,0.0
255,2017-02-22,2.9887698810734787e-05,0,0.0,0.0
256,2017-02-23,2.6111921793236625e-05,0,0.0,0.0
257,2017-02-24,3.39026087642821e-05,0,0.0,0.0
258,2017-02-27,2.8701179800312688e-05,0,0.0,0.0
259,2017-02-28,3.671900437513613e-05,0,0.0,0.0
260,2017-03-01,2.912553210108876e-05,0,0.0,0.0
261,2017-03-02,3.339927663771417e-05,0,0.0,0.0
262,2017-03-03,3.2971753607205766e-05,0,0.0,0.0
263,2017-03-06,1.9381441387416162e-05,1,0.0566335697730959,0.6030039417807428
264,2017-03-07,2.374827034199697e-05,0,0.0,0.0
265,2017-03-08,3.210802379358862e-05,0,0.0,0.0
266,2017-03-09,3.2880516297030584e-05,0,0.0,0.0
267,2017-03-10,2.97949628348399e-05,0,0.0,0.0
268,2017-03-13,2.9313419971705187e-05,0,0.0,0.0
269,2017-03-14,2.6013973709274133e-05,0,0.0,0.0
270,2017-03-15,2.8082110028481575e-05,0,0.0,0.0
271,2017-03-16,2.8184118980099258e-05,0,0.0,0.0
272,2017-03-17,3.639068865500294e-05,0,0.0,0.0
273,2017-03-20,2.491183605745629e-05,0,0.0,0.0
274,2017-03-21,1.593498781595197e-05,1,0.050838105455948794,0.4264632305915182
275,2017-03-22,4.048042501857468e-05,0,0.0,0.0
276,2017-03-23,3.112684016609529e-05,0,0.0,0.0
277,2017-03-24,4.7989465198788464e-05,1,0.08012128736350356,1.174802820341414
278,2017-03-27,4.4793261841120376e-05,0,0.0,0.0
279,2017-03-28,3.77763686153092e-05,0,0.0,0.0
280,2017-03-29,3.009533046710523e-05,0,0.0,0.0
281,2017-03-30,4.785097074622311e-05,0,0.0,0.0
282,2017-03-31,3.8913496652596976e-05,0,0.0,0.0
283,2017-04-05,3.940295595925936e-05,0,0.0,0.0
284,2017-04-06,3.896288091924887e-05,0,0.0,0.0
285,2017-04-07,2.5735322602350625e-05,0,0.0,0.0
286,2017-04-10,2.554246866650397e-05,0,0.0,0.0
287,2017-04-11,3.863374258933695e-05,0,0.0,0.0
288,2017-04-12,4.188362444695911e-05,1,0.06900698366716444,0.8619576234237165
289,2017-04-13,2.762292940393176e-05,0,0.0,0.0
290,2017-04-14,2.9710801931624423e-05,0,0.0,0.0
291,2017-04-17,4.3801032091981494e-05,0,0.0,0.0
292,2017-04-18,1.3116801727599691e-05,1,0.047488290512184644,0.3721136410299956
293,2017-04-19,3.6708236255581676e-05,0,0.0,0.0
294,2017-04-20,3.550391159677074e-05,0,0.0,0.0
295,2017-04-21,2.2525577531963298e-05,0,0.0,0.0
296,2017-04-24,3.905636398008236e-05,0,0.0,0.0
297,2017-04-25,2.3913692271289226e-05,0,0.0,0.0
298,2017-04-26,3.068618083207749e-05,0,0.0,0.0
299,2017-04-27,3.1536378877282965e-05,0,0.0,0.0
300,2017-04-28,2.6916924338294858e-05,0,0.0,0.0
301,2017-05-02,2.2132896807354538e-05,0,0.0,0.0
302,2017-05-03,2.5223400187597042e-05,0,0.0,0.0
303,2017-05-04,3.5071625766286557e-05,0,0.0,0.0
304,2017-05-05,4.8513444493137685e-05,0,0.0,0.0
305,2017-05-08,5.2948812151458005e-05,0,0.0,0.0
306,2017-05-09,1.9058092992066016e-05,1,0.049438663646962144,0.3788673763432512
307,2017-05-10,3.27654732505027e-05,0,0.0,0.0
308,2017-05-11,3.915352567022714e-05,0,0.0,0.0
309,2017-05-12,4.899266318386776e-05,0,0.0,0.0
310,2017-05-15,4.891112556785311e-05,0,0.0,0.0
311,2017-05-16,3.281421779239286e-05,0,0.0,0.0
312,2017-05-17,2.502040224194643e-05,0,0.0,0.0
313,2017-05-18,2.9815337018944465e-05,0,0.0,0.0
314,2017-05-19,1.6160926018870618e-05,1,0.04904480795957973,0.40652835294897294
315,2017-05-22,4.146138085885568e-05,0,0.0,0.0
316,2017-05-23,6.300365242585406e-05,0,0.0,0.0
317,2017-05-24,5.423071672759622e-05,0,0.0,0.0
318,2017-05-25,0.00010870304954805365,0,0.0,0.0
319,2017-05-26,7.148764176758221e-05,0,0.0,0.0
320,2017-05-31,7.122568898205718e-05,0,0.0,0.0
321,2017-06-01,8.197827541875371e-05,0,0.0,0.0
322,2017-06-02,5.607138616396777e-05,0,0.0,0.0
323,2017-06-05,5.229395203840423e-05,0,0.0,0.0
324,2017-06-06,4.630883720029247e-05,0,0.0,0.0
325,2017-06-07,6.294433286120377e-05,0,0.0,0.0
326,2017-06-08,4.976080617594212e-05,0,0.0,0.0
327,2017-06-09,5.857018199259527e-05,0,0.0,0.0
328,2017-06-12,4.242549594777348e-05,1,0.08242052527413207,1.4130171967254406
329,2017-06-13,4.970038350428427e-05,0,0.0,0.0
330,2017-06-14,4.749706754286086e-05,0,0.0,0.0
331,2017-06-15,4.358501431182013e-05,0,0.0,0.0
332,2017-06-16,4.819937268591299e-05,0,0.0,0.0
333,2017-06-19,5.878582500602566e-05,0,0.0,0.0
334,2017-06-20,5.913092566020558e-05,0,0.0,0.0
335,2017-06-21,6.517361741415942e-05,1,0.09674359327057126,2.012315365150132
336,2017-06-22,9.55945133045923e-05,0,0.0,0.0
337,2017-06-23,7.435528804256491e-05,1,0.11250691653156382,2.8101051076768644
338,2017-06-26,8.514860969729105e-05,0,0.0,0.0
339,2017-06-27,6.978182327473575e-05,0,0.0,0.0
340,2017-06-28,5.9792681042615294e-05,0,0.0,0.0
341,2017-06-29,6.391740221863403e-05,0,0.0,0.0
342,2017-06-30,4.6871019954282244e-05,0,0.0,0.0
343,2017-07-03,5.3121207697590946e-05,0,0.0,0.0
344,2017-07-04,4.418079334164641e-05,0,0.0,0.0
345,2017-07-05,5.908986300116713e-05,0,0.0,0.0
346,2017-07-06,5.897877599241635e-05,0,0.0,0.0
347,2017-07-07,5.2989328929785194e-05,0,0.0,0.0
348,2017-07-10,5.8362970377661e-05,0,0.0,0.0
349,2017-07-11,7.65909314655815e-05,0,0.0,0.0
350,2017-07-12,0.00011370122032165316,0,0.0,0.0
351,2017-07-13,9.785014350606484e-05,0,0.0,0.0
352,2017-07-14,8.47422729380199e-05,0,0.0,0.0
353,2017-07-17,0.0002665505278300527,0,0.0,0.0
354,2017-07-18,0.00013284395469897764,0,0.0,0.0
355,2017-07-19,9.626354297880359e-05,0,0.0,0.0
356,2017-07-20,6.319146780055423e-05,0,0.0,0.0
357,2017-07-21,4.464720958121112e-05,0,0.0,0.0
358,2017-07-24,7.140415774158169e-05,0,0.0,0.0
359,2017-07-25,7.532464029686367e-05,0,0.0,0.0
360,2017-07-26,8.815352394562072e-05,0,0.0,0.0
361,2017-07-27,7.965666632918066e-05,0,0.0,0.0
362,2017-07-28,4.3289662304985444e-05,0,0.0,0.0
363,2017-07-31,5.391944020850909e-05,0,0.0,0.0
364,2017-08-01,5.042967257105062e-05,0,0.0,0.0
365,2017-08-02,7.110458133635009e-05,0,0.0,0.0
366,2017-08-03,7.233452775210766e-05,0,0.0,0.0
367,2017-08-04,5.826760367638318e-05,0,0.0,0.0
368,2017-08-07,5.7381878957763464e-05,0,0.0,0.0
369,2017-08-08,4.133269980522376e-05,0,0.0,0.0
370,2017-08-09,3.187264303347671e-05,1,0.06710552416980303,0.8736436693172588
371,2017-08-10,8.132608802431904e-05,0,0.0,0.0
372,2017-08-11,9.414211981313559e-05,0,0.0,0.0
373,2017-08-14,6.027628351063648e-05,0,0.0,0.0
374,2017-08-15,5.7883754507654246e-05,0,0.0,0.0
375,2017-08-16,4.237800363081135e-05,0,0.0,0.0
376,2017-08-17,4.080845076729729e-05,0,0.0,0.0
377,2017-08-18,6.63382781788974e-05,0,0.0,0.0
378,2017-08-21,4.379245876759191e-05,0,0.0,0.0
379,2017-08-22,4.554973431230457e-05,0,0.0,0.0
380,2017-08-23,4.879825989718505e-05,0,0.0,0.0
381,2017-08-24,5.6589245046401996e-05,0,0.0,0.0
382,2017-08-25,5.877341895866027e-05,0,0.0,0.0
383,2017-08-28,8.876172227539612e-05,0,0.0,0.0
384,2017-08-29,4.4291157664488554e-05,0,0.0,0.0
385,2017-08-30,6.028708128892275e-05,0,0.0,0.0
386,2017-08-31,5.543330068505515e-05,0,0.0,0.0
387,2017-09-01,5.069480919271303e-05,0,0.0,0.0
388,2017-09-04,5.3964615233291227e-05,0,0.0,0.0
389,2017-09-05,4.4141273568839575e-05,0,0.0,0.0
390,2017-09-06,5.0112779985986136e-05,0,0.0,0.0
391,2017-09-07,4.298348963567163e-05,0,0.0,0.0
392,2017-09-08,4.988732758194621e-05,0,0.0,0.0
393,2017-09-11,5.3432993404710366e-05,0,0.0,0.0
394,2017-09-12,5.613220648600211e-05,0,0.0,0.0
395,2017-09-13,4.05209765260733e-05,0,0.0,0.0
396,2017-09-14,4.139787110051702e-05,0,0.0,0.0
397,2017-09-15,3.7707245793628144e-05,0,0.0,0.0
398,2017-09-18,4.755621689386653e-05,0,0.0,0.0
399,2017-09-19,4.898461481807361e-05,0,0.0,0.0
400,2017-09-20,3.637035005189408e-05,0,0.0,0.0
401,2017-09-21,3.9800081454332034e-05,0,0.0,0.0
402,2017-09-22,5.03638262931829e-05,0,0.0,0.0
403,2017-09-25,5.4541836972923035e-05,0,0.0,0.0
404,2017-09-26,1.56872527823431e-05,0,0.0,0.0
405,2017-09-27,2.1198163832967984e-05,0,0.0,0.0
406,2017-09-28,2.492764750124871e-05,0,0.0,0.0
407,2017-09-29,2.338130704558713e-05,0,0.0,0.0
408,2017-10-09,4.485317752942997e-05,0,0.0,0.0
409,2017-10-10,3.6288932612839266e-05,0,0.0,0.0
410,2017-10-11,3.209923552874939e-05,0,0.0,0.0
411,2017-10-12,3.075266898510277e-05,0,0.0,0.0
412,2017-10-13,2.2790776128004913e-05,0,0.0,0.0
413,2017-10-16,2.932424993787772e-05,0,0.0,0.0
414,2017-10-17,2.625963865397599e-05,0,0.0,0.0
415,2017-10-18,2.5968672135432783e-05,0,0.0,0.0
416,2017-10-19,2.3301606388005753e-05,0,0.0,0.0
417,2017-10-20,2.0654201963171673e-05,0,0.0,0.0
418,2017-10-23,2.094794757790022e-05,0,0.0,0.0
419,2017-10-24,3.448322160899036e-05,0,0.0,0.0
420,2017-10-25,2.2522672494955507e-05,0,0.0,0.0
421,2017-10-26,5.596179611642562e-05,0,0.0,0.0
422,2017-10-27,5.079624442352255e-05,0,0.0,0.0
423,2017-10-30,7.093935728815455e-05,0,0.0,0.0
424,2017-10-31,2.5193149788141e-05,0,0.0,0.0
425,2017-11-01,5.435676530208264e-05,0,0.0,0.0
426,2017-11-02,4.279905020536378e-05,0,0.0,0.0
427,2017-11-03,5.4941199998439245e-05,0,0.0,0.0
428,2017-11-06,3.25129253146137e-05,0,0.0,0.0
429,2017-11-07,5.371995599120129e-05,0,0.0,0.0
430,2017-11-08,4.480866150327138e-05,0,0.0,0.0
431,2017-11-09,3.973357797458418e-05,0,0.0,0.0
432,2017-11-10,6.180349583940837e-05,0,0.0,0.0
433,2017-11-13,4.333756587835102e-05,0,0.0,0.0
434,2017-11-14,1.9323639667746324e-05,1,0.05562184705845866,0.5847477838503005
435,2017-11-15,5.195684455586612e-05,0,0.0,0.0
436,2017-11-16,4.534677042451238e-05,0,0.0,0.0
437,2017-11-17,0.00010764469105079143,0,0.0,0.0
438,2017-11-20,0.00011272610483671318,0,0.0,0.0
439,2017-11-21,0.00011994153818333155,0,0.0,0.0
440,2017-11-22,0.0001052699182715202,0,0.0,0.0
441,2017-11-23,0.000179362581478083,0,0.0,0.0
442,2017-11-24,0.00020502307081802167,0,0.0,0.0
443,2017-11-27,0.00017098040069830211,0,0.0,0.0
444,2017-11-28,7.082842734580537e-05,0,0.0,0.0
445,2017-11-29,0.00011600875321199456,0,0.0,0.0
446,2017-11-30,0.0001165986190849502,0,0.0,0.0
447,2017-12-01,0.00010923292042933065,0,0.0,0.0
448,2017-12-04,8.046177604565558e-05,0,0.0,0.0
449,2017-12-05,0.0001228387143339508,0,0.0,0.0
450,2017-12-06,0.00010637235232317831,0,0.0,0.0
451,2017-12-07,9.246428843119909e-05,0,0.0,0.0
452,2017-12-08,8.22464328239712e-05,0,0.0,0.0
453,2017-12-11,5.269500421200899e-05,0,0.0,0.0
454,2017-12-12,5.398016348366218e-05,0,0.0,0.0
455,2017-12-13,6.903190706034757e-05,0,0.0,0.0
456,2017-12-14,7.613294048285716e-05,0,0.0,0.0
457,2017-12-15,6.059057775563292e-05,0,0.0,0.0
458,2017-12-18,7.852245855399068e-05,0,0.0,0.0
459,2017-12-19,5.825714598844559e-05,0,0.0,0.0
460,2017-12-20,5.869418940378213e-05,0,0.0,0.0
461,2017-12-21,6.517477721061292e-05,0,0.0,0.0
462,2017-12-22,3.406786412565131e-05,0,0.0,0.0
463,2017-12-25,6.67218219284411e-05,0,0.0,0.0
464,2017-12-26,5.3947513573445534e-05,0,0.0,0.0
465,2017-12-27,6.124925106291729e-05,0,0.0,0.0
466,2017-12-28,6.78427476068323e-05,0,0.0,0.0
467,2017-12-29,4.4837376670155324e-05,0,0.0,0.0
468,2018-01-02,6.858779800528208e-05,0,0.0,0.0
469,2018-01-03,6.463090673949613e-05,0,0.0,0.0
470,2018-01-04,4.813565188482208e-05,0,0.0,0.0
471,2018-01-05,5.9420189055966734e-05,0,0.0,0.0
472,2018-01-08,4.677351354159206e-05,0,0.0,0.0
473,2018-01-09,6.36085912934225e-05,0,0.0,0.0
474,2018-01-10,6.119523919370836e-05,0,0.0,0.0
475,2018-01-11,7.896016462516294e-05,0,0.0,0.0
476,2018-01-12,5.2573263971273645e-05,0,0.0,0.0
477,2018-01-15,0.0001004760302801709,0,0.0,0.0
478,2018-01-16,6.163068537931997e-05,0,0.0,0.0
479,2018-01-17,0.00015303967246829697,0,0.0,0.0
480,2018-01-18,0.00010646361029342875,0,0.0,0.0
481,2018-01-19,0.00012622217925067246,0,0.0,0.0
482,2018-01-22,8.921945251706218e-05,0,0.0,0.0
483,2018-01-23,9.603473096451045e-05,0,0.0,0.0
484,2018-01-24,0.00011898896926156312,0,0.0,0.0
485,2018-01-25,0.00010931781393498178,0,0.0,0.0
486,2018-01-26,0.00010307406208669484,0,0.0,0.0
487,2018-01-29,0.00011757920679201898,0,0.0,0.0
488,2018-01-30,0.00010666294028352991,0,0.0,0.0
489,2018-01-31,0.0001063709176656727,0,0.0,0.0
490,2018-02-01,0.00013050125717456077,1,0.14460168807935256,4.830253291051503
491,2018-02-02,0.00016873330007393552,0,0.0,0.0
492,2018-02-05,0.0001497164072780964,0,0.0,0.0
493,2018-02-06,0.00033352664553403704,0,0.0,0.0
494,2018-02-07,0.00045491428378897545,0,0.0,0.0
495,2018-02-08,0.00034712290977307393,0,0.0,0.0
496,2018-02-09,0.0007766964436445817,0,0.0,0.0
497,2018-02-12,0.00020050422424267375,0,0.0,0.0
498,2018-02-13,0.00013184186135431776,0,0.0,0.0
499,2018-02-14,8.82341189358888e-05,0,0.0,0.0
500,2018-02-22,7.485506580360279e-05,0,0.0,0.0
501,2018-02-23,8.52230507187351e-05,0,0.0,0.0
502,2018-02-26,0.00011978097150290758,0,0.0,0.0
503,2018-02-27,0.00014856773938437618,0,0.0,0.0
504,2018-02-28,0.00013136124659134636,0,0.0,0.0
505,2018-03-01,8.719780521838674e-05,1,0.11072849605624357,2.6238922876518576
506,2018-03-02,0.00011475069700801678,0,0.0,0.0
507,2018-03-05,0.00014771558744559329,0,0.0,0.0
508,2018-03-06,9.204399101220761e-05,0,0.0,0.0
509,2018-03-07,0.000127198537826109,0,0.0,0.0
510,2018-03-08,0.00010459346581130466,0,0.0,0.0
511,2018-03-09,6.460590791070516e-05,1,0.10057111443415807,2.225264816649651
512,2018-03-12,6.338636848455138e-05,0,0.0,0.0
513,2018-03-13,6.0301833885932464e-05,0,0.0,0.0
514,2018-03-14,5.807503821158583e-05,0,0.0,0.0
515,2018-03-15,4.7425694242017526e-05,0,0.0,0.0
516,2018-03-16,5.538112893421037e-05,0,0.0,0.0
517,2018-03-19,7.801485279880361e-05,0,0.0,0.0
518,2018-03-20,5.6631408480341654e-05,0,0.0,0.0
519,2018-03-21,5.6844948998951294e-05,1,0.09046563081871882,1.7350695156119673
520,2018-03-22,9.32971798651598e-05,0,0.0,0.0
521,2018-03-23,0.00016316241416572115,0,0.0,0.0
522,2018-03-26,0.00011395088804264215,0,0.0,0.0
523,2018-03-27,6.898112407543711e-05,1,0.10470393381321828,2.3790193168352904
524,2018-03-28,0.00012244508878753998,0,0.0,0.0
525,2018-03-29,0.0001307103189903391,0,0.0,0.0
526,2018-03-30,9.663306846145816e-05,0,0.0,0.0
527,2018-04-02,0.00014119855796368414,0,0.0,0.0
528,2018-04-03,0.00010746155163605267,0,0.0,0.0
529,2018-04-04,9.973332021340159e-05,0,0.0,0.0
530,2018-04-09,0.00012104071768147693,0,0.0,0.0
531,2018-04-10,9.626436083201059e-05,0,0.0,0.0
532,2018-04-11,7.39493316194666e-05,0,0.0,0.0
533,2018-04-12,8.735383697705647e-05,0,0.0,0.0
534,2018-04-13,8.583598616778695e-05,0,0.0,0.0
535,2018-04-16,0.00012644398475678733,0,0.0,0.0
536,2018-04-17,0.0001519908523432512,0,0.0,0.0
537,2018-04-18,0.00011213657363866536,1,0.13514740167844286,4.109691355960333
538,2018-04-19,0.00012115692275222679,0,0.0,0.0
539,2018-04-20,0.00014693504491866422,0,0.0,0.0
540,2018-04-23,0.00020610310146889786,0,0.0,0.0
541,2018-04-24,0.000101627943732229,0,0.0,0.0
542,2018-04-25,7.61149366107178e-05,0,0.0,0.0
543,2018-04-26,0.00010513952967217099,1,0.11841836373673814,2.944910702040301
544,2018-04-27,0.00019980935600240248,0,0.0,0.0
545,2018-05-02,9.71997298135021e-05,0,0.0,0.0
546,2018-05-03,0.00010777761279422095,0,0.0,0.0
547,2018-05-04,0.00010519333506812362,0,0.0,0.0
548,2018-05-07,8.210198944818149e-05,1,0.11243200379004487,2.743166815022103
549,2018-05-08,7.200877458062537e-05,0,0.0,0.0
550,2018-05-09,6.194207865474613e-05,0,0.0,0.0
551,2018-05-10,7.078323576929729e-05,0,0.0,0.0
552,2018-05-11,5.975686281228518e-05,0,0.0,0.0
553,2018-05-14,9.990023261072849e-05,0,0.0,0.0
554,2018-05-15,6.628381460208445e-05,0,0.0,0.0
555,2018-05-16,6.01282432222157e-05,0,0.0,0.0
556,2018-05-17,7.32919657475899e-05,0,0.0,0.0
557,2018-05-18,7.151347993650118e-05,0,0.0,0.0
558,2018-05-21,7.426676268810586e-05,0,0.0,0.0
559,2018-05-22,5.612952775940681e-05,0,0.0,0.0
560,2018-05-23,5.662053188244493e-05,0,0.0,0.0
561,2018-05-24,5.382167800575861e-05,0,0.0,0.0
562,2018-05-25,7.325345696587981e-05,0,0.0,0.0
563,2018-05-28,8.598481580424537e-05,0,0.0,0.0
564,2018-05-29,9.413353456508503e-05,0,0.0,0.0
565,2018-05-30,8.38081521566984e-05,0,0.0,0.0
566,2018-05-31,8.386022847320138e-05,0,0.0,0.0
567,2018-06-01,9.856839384558089e-05,0,0.0,0.0
568,2018-06-04,8.545780461575086e-05,0,0.0,0.0
569,2018-06-05,6.339137852362338e-05,0,0.0,0.0
570,2018-06-06,4.274814815856407e-05,0,0.0,0.0
571,2018-06-07,5.530973001858019e-05,0,0.0,0.0
572,2018-06-08,6.17117109141891e-05,0,0.0,0.0
573,2018-06-11,6.221365388096681e-05,1,0.09768082426542748,2.0324115366519258
574,2018-06-12,9.364981850464957e-05,0,0.0,0.0
575,2018-06-13,6.246862641373456e-05,0,0.0,0.0
576,2018-06-14,8.326566054778954e-05,0,0.0,0.0
577,2018-06-15,8.443890480226361e-05,0,0.0,0.0
578,2018-06-19,0.0001946452530992687,0,0.0,0.0
579,2018-06-20,0.00010338035777077586,0,0.0,0.0
580,2018-06-21,0.00010964618001553506,0,0.0,0.0
581,2018-06-22,0.00014853937372654577,0,0.0,0.0
582,2018-06-25,0.00012574969998637185,0,0.0,0.0
583,2018-06-26,0.0002328611557416002,0,0.0,0.0
584,2018-06-27,0.00018460425431528253,0,0.0,0.0
585,2018-06-28,0.00023318705548797008,0,0.0,0.0
586,2018-06-29,9.84709278985917e-05,1,0.12071601701962845,3.1477218687204522
587,2018-07-02,0.00017468016351744912,0,0.0,0.0
588,2018-07-03,0.0003700201651783735,0,0.0,0.0
589,2018-07-04,0.00023654839036417463,0,0.0,0.0
590,2018-07-05,0.0002475472397163087,0,0.0,0.0
591,2018-07-06,0.00029852402719692466,0,0.0,0.0
592,2018-07-09,0.00014403058720808935,0,0.0,0.0
593,2018-07-10,9.74866936082289e-05,0,0.0,0.0
594,2018-07-11,0.00015391113860816264,1,0.13915102914489516,4.240639173937957
595,2018-07-12,0.00014350076176666423,0,0.0,0.0
596,2018-07-13,7.558784031743587e-05,0,0.0,0.0
597,2018-07-16,0.00014814405672268168,0,0.0,0.0
598,2018-07-17,0.00011206078620181473,0,0.0,0.0
599,2018-07-18,0.0001221151008523897,1,0.13347555482101528,3.84831089404416
600,2018-07-19,0.00015598337274245555,0,0.0,0.0
601,2018-07-20,0.00023703630026725053,0,0.0,0.0
602,2018-07-23,0.0001641360583850695,0,0.0,0.0
603,2018-07-24,0.00011403066773828916,0,0.0,0.0
604,2018-07-25,7.646182396262401e-05,0,0.0,0.0
605,2018-07-26,7.920663188019342e-05,0,0.0,0.0
606,2018-07-27,6.394981971621727e-05,1,0.09618119920675756,1.9149834012919873
607,2018-07-30,0.0001468022215357081,0,0.0,0.0
608,2018-07-31,8.388158573838803e-05,0,0.0,0.0
609,2018-08-01,0.00017028179741586337,0,0.0,0.0
610,2018-08-02,0.00023702423905158735,0,0.0,0.0
611,2018-08-03,0.0001499252488183677,1,0.144953956940793,4.643715251174825
612,2018-08-06,0.00029093073562188275,0,0.0,0.0
613,2018-08-07,0.00018592436601697694,0,0.0,0.0
614,2018-08-08,0.00013114050133677734,0,0.0,0.0
615,2018-08-09,0.0001781875908294585,1,0.15774960815949665,5.449965605955755
616,2018-08-10,0.00011953714746430316,0,0.0,0.0
617,2018-08-13,0.00015560944843079366,0,0.0,0.0
618,2018-08-14,0.00013870106686523527,1,0.14426840381836534,4.620696561546198
619,2018-08-15,0.00013177568117804988,0,0.0,0.0
620,2018-08-16,0.00040531477950955244,1,0.23909762873552953,13.263257251790037
621,2018-08-17,0.0001918130133098097,0,0.0,0.0
622,2018-08-20,0.00021514671432010398,1,0.1794678930378928,7.37599561714005
623,2018-08-21,0.0001808126849695809,0,0.0,0.0
624,2018-08-22,0.00010189469802122212,0,0.0,0.0
625,2018-08-23,0.00016383126455600012,0,0.0,0.0
626,2018-08-24,0.00015736730300394355,0,0.0,0.0
627,2018-08-27,0.00012696981317874057,0,0.0,0.0
628,2018-08-28,6.543911357958617e-05,1,0.09129639935326528,1.6754036865343886
629,2018-08-29,6.0510410545514897e-05,0,0.0,0.0
630,2018-08-30,7.459850657926047e-05,0,0.0,0.0
631,2018-08-31,0.00012505620770887255,0,0.0,0.0
632,2018-09-03,0.00012783293004176507,0,0.0,0.0
633,2018-09-04,0.0001304655311927424,0,0.0,0.0
634,2018-09-05,9.012956880862099e-05,0,0.0,0.0
635,2018-09-06,0.000145659785550554,1,0.14056926048531201,4.189194166647983
636,2018-09-07,0.0001634761941137041,1,0.15224760067631374,5.16914683156441
637,2018-09-10,0.00013468409393327786,0,0.0,0.0
638,2018-09-11,0.00012291562104196487,0,0.0,0.0
639,2018-09-12,0.00010074955999152487,1,0.12544940766976706,3.5095687494658416
640,2018-09-13,0.0001208338084992537,0,0.0,0.0
641,2018-09-14,7.161875857740692e-05,1,0.10803307011389,2.532708367201748
642,2018-09-17,8.790411471809625e-05,0,0.0,0.0
643,2018-09-18,0.00012854036523692392,0,0.0,0.0
644,2018-09-19,0.00010395609266580044,0,0.0,0.0
645,2018-09-20,6.458618666051988e-05,0,0.0,0.0
646,2018-09-21,0.00013273391782562388,0,0.0,0.0
647,2018-09-25,5.8310024091470425e-05,0,0.0,0.0
648,2018-09-26,0.0001422237065209398,0,0.0,0.0
649,2018-09-27,8.478819014264873e-05,0,0.0,0.0
650,2018-09-28,0.0001231707863218599,0,0.0,0.0
651,2018-10-08,0.00013200774085759517,0,0.0,0.0
652,2018-10-09,0.00014114320371263903,0,0.0,0.0
653,2018-10-10,0.0001660488863811771,0,0.0,0.0
654,2018-10-11,0.0002454269879042458,0,0.0,0.0
655,2018-10-12,0.00020063544707287038,0,0.0,0.0
656,2018-10-15,0.0001515594360482778,0,0.0,0.0
657,2018-10-16,0.00019715227975415078,0,0.0,0.0
658,2018-10-17,0.0002281106099604842,1,0.18492860045891465,7.8316833910825405
659,2018-10-18,0.00021890880951855974,0,0.0,0.0
660,2018-10-19,0.000250880628808338,1,0.19701209700399672,9.005023601496248
661,2018-10-22,0.0002819268804499809,0,0.0,0.0
662,2018-10-23,0.000202232865842141,0,0.0,0.0
663,2018-10-24,0.0003415002593204235,1,0.22522793818671802,11.71838521758133
664,2018-10-25,0.00038103950396990596,0,0.0,0.0
665,2018-10-26,0.00023320436165717018,1,0.18694672277235247,7.968606144972324
666,2018-10-29,0.00020530824045754506,1,0.17684436604660247,7.193197724503447
667,2018-10-30,0.00036654561975382776,0,0.0,0.0
668,2018-10-31,0.00022541694535658504,0,0.0,0.0
669,2018-11-01,0.0001552927367949724,1,0.1541481701218765,5.44156730723206
670,2018-11-02,0.00021749444717490628,1,0.17741427273932767,7.145216804320981
671,2018-11-05,0.0001132793871628426,0,0.0,0.0
672,2018-11-06,0.00011210132118827943,0,0.0,0.0
673,2018-11-07,0.0001780266041671434,0,0.0,0.0
674,2018-11-08,9.373373714046106e-05,0,0.0,0.0
675,2018-11-09,7.96040614920611e-05,1,0.10846977686459583,2.494401362520509
676,2018-11-12,0.0001210394027381484,0,0.0,0.0
677,2018-11-13,0.0001226662974175247,0,0.0,0.0
678,2018-11-14,8.213206963219037e-05,0,0.0,0.0
679,2018-11-15,9.232495333686689e-05,1,0.12062705995534163,3.1721826995099636
680,2018-11-16,9.383173373287085e-05,1,0.11878612501882149,3.04787997230564
681,2018-11-19,9.819693580950537e-05,1,0.12392774866528372,3.3635173806024095
682,2018-11-20,7.311808606490527e-05,0,0.0,0.0
683,2018-11-21,9.193360405775324e-05,0,0.0,0.0
684,2018-11-22,7.954377705766917e-05,0,0.0,0.0
685,2018-11-23,8.176008367413127e-05,0,0.0,0.0
686,2018-11-26,0.00011253629588325149,0,0.0,0.0
687,2018-11-27,7.505929226879478e-05,1,0.1011614193174647,2.149133698658898
688,2018-11-28,9.5060769954582e-05,0,0.0,0.0
689,2018-11-29,6.450923784411143e-05,0,0.0,0.0
690,2018-11-30,8.706229284835573e-05,0,0.0,0.0
691,2018-12-03,9.55022150119402e-05,0,0.0,0.0
692,2018-12-04,6.790879746415801e-05,0,0.0,0.0
693,2018-12-05,5.704069420565822e-05,0,0.0,0.0
694,2018-12-06,7.85340687727278e-05,0,0.0,0.0
695,2018-12-07,3.862268977580781e-05,0,0.0,0.0
696,2018-12-10,6.440040531525336e-05,0,0.0,0.0
697,2018-12-11,3.85566693902897e-05,0,0.0,0.0
698,2018-12-12,4.083787390055797e-05,0,0.0,0.0
699,2018-12-13,7.336942835403204e-05,0,0.0,0.0
700,2018-12-14,4.8194124719715654e-05,0,0.0,0.0
701,2018-12-17,6.785361736236472e-05,0,0.0,0.0
702,2018-12-18,7.511209644424641e-05,0,0.0,0.0
703,2018-12-19,5.871966749663072e-05,0,0.0,0.0
704,2018-12-20,0.00011781935903328995,1,0.13138777361908646,3.7979179261894616
705,2018-12-21,9.304095855857945e-05,1,0.12468736050481878,3.389335346897514
706,2018-12-24,0.00011132154987722915,0,0.0,0.0
707,2018-12-25,0.00015156904794530118,0,0.0,0.0
708,2018-12-26,8.752260521750231e-05,0,0.0,0.0
709,2018-12-27,0.0001003616949855473,0,0.0,0.0
710,2018-12-28,8.734872438805299e-05,1,0.11112992198310882,2.59355242415091
711,2019-01-02,0.00011650099260867136,0,0.0,0.0
712,2019-01-03,0.00010084039098242439,0,0.0,0.0
713,2019-01-04,0.0001713903590534866,1,0.1471753399105215,4.65718345549682
714,2019-01-07,0.00010965015766064537,0,0.0,0.0
715,2019-01-08,4.577692782339303e-05,0,0.0,0.0
716,2019-01-09,9.432489763851629e-05,0,0.0,0.0
717,2019-01-10,7.715580266137293e-05,0,0.0,0.0
718,2019-01-11,9.287710219001639e-05,1,0.11074627224774952,2.4775713532804176
719,2019-01-14,6.579190667773008e-05,0,0.0,0.0
720,2019-01-15,9.07130247589599e-05,0,0.0,0.0
721,2019-01-16,5.493002063441653e-05,0,0.0,0.0
722,2019-01-17,8.344867185549105e-05,0,0.0,0.0
723,2019-01-18,0.00011830039302088854,0,0.0,0.0
724,2019-01-21,8.080961246886206e-05,0,0.0,0.0
725,2019-01-22,4.4079217871334454e-05,0,0.0,0.0
726,2019-01-23,6.982224729558278e-05,0,0.0,0.0
727,2019-01-24,6.603934187156483e-05,1,0.09865617708106461,1.9466758341080201
728,2019-01-25,8.315514011150994e-05,0,0.0,0.0
729,2019-01-28,8.328995464455536e-05,0,0.0,0.0
730,2019-01-29,9.750135738518259e-05,0,0.0,0.0
731,2019-01-30,8.012604987418017e-05,0,0.0,0.0
732,2019-01-31,5.903521523576445e-05,1,0.0946827527716744,1.8557822902214538
733,2019-02-01,5.765370892404213e-05,1,0.0960344058577853,1.9552508591258668
734,2019-02-11,5.970351066793491e-05,0,0.0,0.0
735,2019-02-12,5.960569299471558e-05,0,0.0,0.0
736,2019-02-13,9.047772384738846e-05,0,0.0,0.0
737,2019-02-14,7.511068932510042e-05,0,0.0,0.0
738,2019-02-15,7.747968466131165e-05,0,0.0,0.0
739,2019-02-18,9.513360682351433e-05,0,0.0,0.0
740,2019-02-19,0.00014121870205911538,0,0.0,0.0
741,2019-02-20,8.679509478035479e-05,1,0.1113048269822552,2.6388904249043
742,2019-02-21,0.00013665546810405347,0,0.0,0.0
743,2019-02-22,0.00014357552126414178,0,0.0,0.0
744,2019-02-25,0.0004920585485569971,0,0.0,0.0
745,2019-02-26,0.0003859882256385777,0,0.0,0.0
746,2019-02-27,0.0003414882734876025,0,0.0,0.0
747,2019-02-28,0.0001843163171521191,0,0.0,0.0
748,2019-03-01,0.00023185393746564075,0,0.0,0.0
749,2019-03-04,0.0003718015034738587,0,0.0,0.0
750,2019-03-05,0.00018152973779407688,0,0.0,0.0
751,2019-03-06,0.0002089971116978693,0,0.0,0.0
752,2019-03-07,0.00018067860785503107,1,0.1708500449667865,6.538675600609085
753,2019-03-08,0.0002584703951442553,0,0.0,0.0
754,2019-03-11,0.00017659957374172762,0,0.0,0.0
755,2019-03-12,0.0002270831669388995,0,0.0,0.0
756,2019-03-13,0.0002865102729198007,0,0.0,0.0
757,2019-03-14,0.00019240518232534103,1,0.16780057963304879,6.5044485476157075
758,2019-03-15,0.00022621635711600778,0,0.0,0.0
759,2019-03-18,0.00016611764065693448,0,0.0,0.0
760,2019-03-19,9.071845886062907e-05,1,0.12149243449057386,3.2621413171067437
761,2019-03-20,0.00018870505831741102,0,0.0,0.0
762,2019-03-21,0.00014120628834088028,1,0.1378246013656292,4.103183960095299
763,2019-03-22,0.00015585569432463822,0,0.0,0.0
764,2019-03-25,0.00014768393212013104,0,0.0,0.0
765,2019-03-26,9.454675440193278e-05,0,0.0,0.0
766,2019-03-27,0.00012091083312573098,0,0.0,0.0
767,2019-03-28,0.00011947556721612992,0,0.0,0.0
768,2019-03-29,0.00016046763201221624,0,0.0,0.0
769,2019-04-01,0.00017097171019152965,0,0.0,0.0
770,2019-04-02,6.264787535300538e-05,0,0.0,0.0
771,2019-04-03,0.00012223056362681766,0,0.0,0.0
772,2019-04-04,0.00018764764322323521,0,0.0,0.0
773,2019-04-08,0.00016577036813813777,1,0.15943097654476718,5.7955139151334425
774,2019-04-09,0.00015322297764763166,0,0.0,0.0
775,2019-04-10,0.00016429839819606044,0,0.0,0.0
776,2019-04-11,0.00024267389511526706,0,0.0,0.0
777,2019-04-12,0.0001501749707114191,0,0.0,0.0
778,2019-04-15,0.00020247245489119902,0,0.0,0.0
779,2019-04-16,0.00018922044060827543,0,0.0,0.0
780,2019-04-17,0.00015586777040393476,1,0.1513554988410783,5.269093634335453
781,2019-04-18,0.00011759120643199653,0,0.0,0.0
782,2019-04-19,0.00023850081037748348,0,0.0,0.0
783,2019-04-22,0.00021056854259793447,0,0.0,0.0
784,2019-04-23,0.0001404931157987926,0,0.0,0.0
785,2019-04-24,0.0002266608649657782,0,0.0,0.0
786,2019-04-25,0.0001362357677576695,0,0.0,0.0
787,2019-04-26,0.00016587630318347336,0,0.0,0.0
788,2019-04-29,0.00018724407047483196,0,0.0,0.0
789,2019-04-30,0.00015653621457729423,0,0.0,0.0
790,2019-05-06,0.00031481644255493203,0,0.0,0.0
791,2019-05-07,0.00018859284565036794,0,0.0,0.0
792,2019-05-08,0.00018780390052130448,0,0.0,0.0
793,2019-05-09,0.0002289216989256002,1,0.18292478554201544,7.796733094575321
794,2019-05-10,0.0004305561339391985,1,0.24315004757576206,13.657580693373543
795,2019-05-13,0.0001103311198341901,0,0.0,0.0
796,2019-05-14,0.00016408021166292443,0,0.0,0.0
797,2019-05-15,0.00010607004615203722,0,0.0,0.0
798,2019-05-16,9.711911088172817e-05,0,0.0,0.0
799,2019-05-17,9.31428596809495e-05,0,0.0,0.0
800,2019-05-20,0.0002268721522343276,0,0.0,0.0
801,2019-05-21,0.00013108002859672872,0,0.0,0.0
802,2019-05-22,0.0001118686048295157,0,0.0,0.0
803,2019-05-23,0.00016783738358936248,0,0.0,0.0
804,2019-05-24,0.00013193059723916892,0,0.0,0.0
805,2019-05-27,0.00015189681088764354,0,0.0,0.0
806,2019-05-28,9.21231185282338e-05,0,0.0,0.0
807,2019-05-29,0.00011926411472615815,0,0.0,0.0
808,2019-05-30,8.823570059065465e-05,0,0.0,0.0
809,2019-05-31,9.889447882552883e-05,0,0.0,0.0
810,2019-06-03,0.00017914430401845142,0,0.0,0.0
811,2019-06-04,7.49877672912518e-05,0,0.0,0.0
812,2019-06-05,5.583256727308428e-05,0,0.0,0.0
813,2019-06-06,8.427696519912851e-05,0,0.0,0.0
814,2019-06-10,9.604105382765232e-05,0,0.0,0.0
815,2019-06-11,9.761323257459072e-05,0,0.0,0.0
816,2019-06-12,4.952373618050625e-05,0,0.0,0.0
817,2019-06-13,8.99511000611652e-05,0,0.0,0.0
818,2019-06-14,7.197483838033778e-05,0,0.0,0.0
819,2019-06-17,6.709192114874395e-05,0,0.0,0.0
820,2019-06-18,5.6633736359873425e-05,0,0.0,0.0
821,2019-06-19,7.131274627010116e-05,0,0.0,0.0
822,2019-06-20,0.0002202103203800796,0,0.0,0.0
823,2019-06-21,9.656574620803076e-05,0,0.0,0.0
824,2019-06-24,4.580588601675018e-05,0,0.0,0.0
825,2019-06-25,0.00014563295014019144,0,0.0,0.0
826,2019-06-26,7.182854130784831e-05,0,0.0,0.0
827,2019-06-27,9.31440862860065e-05,0,0.0,0.0
828,2019-06-28,8.24440452397535e-05,0,0.0,0.0
829,2019-07-01,0.00012203242626636726,0,0.0,0.0
830,2019-07-02,2.6443753982216723e-05,0,0.0,0.0
831,2019-07-03,5.675070617888918e-05,0,0.0,0.0
832,2019-07-04,6.538152736981147e-05,0,0.0,0.0
833,2019-07-05,6.384134373808986e-05,0,0.0,0.0
834,2019-07-08,0.00011416373133923353,0,0.0,0.0
835,2019-07-09,5.9829458783160875e-05,0,0.0,0.0
836,2019-07-10,5.1393118303469344e-05,0,0.0,0.0
837,2019-07-11,9.164217976330235e-05,0,0.0,0.0
838,2019-07-12,0.00011202558305258276,0,0.0,0.0
839,2019-07-15,0.0001504325854537122,1,0.1384770889507861,4.218838637775767
840,2019-07-16,4.923729667606951e-05,0,0.0,0.0
841,2019-07-17,5.4662238995192614e-05,0,0.0,0.0
842,2019-07-18,5.9826838350564946e-05,0,0.0,0.0
843,2019-07-19,6.65854287024109e-05,0,0.0,0.0
844,2019-07-22,0.00012656893077073278,0,0.0,0.0
845,2019-07-23,3.4185234171084866e-05,0,0.0,0.0
846,2019-07-24,5.327503898926391e-05,0,0.0,0.0
847,2019-07-25,3.374295851701957e-05,0,0.0,0.0
848,2019-07-26,3.395894280960901e-05,0,0.0,0.0
849,2019-07-29,4.11339507765084e-05,0,0.0,0.0
850,2019-07-30,3.8186746233768385e-05,0,0.0,0.0
851,2019-07-31,3.2908556114508505e-05,0,0.0,0.0
852,2019-08-01,4.5247936718868496e-05,0,0.0,0.0
853,2019-08-02,5.913214276894482e-05,0,0.0,0.0
854,2019-08-05,6.728709889651624e-05,1,0.10080743932801378,2.225575089803881
855,2019-08-06,0.00011474054333038847,1,0.12401835433484061,3.337686235129646
856,2019-08-07,5.053345087563019e-05,0,0.0,0.0
857,2019-08-08,5.1975525937704245e-05,0,0.0,0.0
858,2019-08-09,4.2106586448791364e-05,0,0.0,0.0
859,2019-08-12,5.5116391562352006e-05,0,0.0,0.0
860,2019-08-13,3.37291904772526e-05,0,0.0,0.0
861,2019-08-14,3.794756954910828e-05,0,0.0,0.0
862,2019-08-15,6.740617671977488e-05,0,0.0,0.0
863,2019-08-16,5.813484765049355e-05,0,0.0,0.0
864,2019-08-19,8.723223926192613e-05,0,0.0,0.0
865,2019-08-20,3.3973803697024115e-05,0,0.0,0.0
866,2019-08-21,2.2064861379929147e-05,0,0.0,0.0
867,2019-08-22,3.273933277214861e-05,0,0.0,0.0
868,2019-08-23,9.427867697724907e-05,0,0.0,0.0
869,2019-08-26,5.86048248338163e-05,0,0.0,0.0
870,2019-08-27,6.323919757928613e-05,0,0.0,0.0
871,2019-08-28,3.643359541848115e-05,0,0.0,0.0
872,2019-08-29,6.0299314827997615e-05,0,0.0,0.0
873,2019-08-30,6.441203063744014e-05,0,0.0,0.0
874,2019-09-02,7.285624064212506e-05,0,0.0,0.0
875,2019-09-03,3.561366825063558e-05,0,0.0,0.0
876,2019-09-04,8.321060118285206e-05,0,0.0,0.0
877,2019-09-05,0.00010970139218966751,0,0.0,0.0
878,2019-09-06,6.0170972011569136e-05,0,0.0,0.0
879,2019-09-09,6.327931680204556e-05,0,0.0,0.0
880,2019-09-10,3.772037388693273e-05,0,0.0,0.0
881,2019-09-11,5.3648488662298795e-05,0,0.0,0.0
882,2019-09-12,5.328167638822349e-05,0,0.0,0.0
883,2019-09-16,4.0957830855845774e-05,0,0.0,0.0
884,2019-09-17,6.154786222776615e-05,0,0.0,0.0
885,2019-09-18,4.198553457216625e-05,0,0.0,0.0
886,2019-09-19,4.076074427834278e-05,0,0.0,0.0
887,2019-09-20,3.032064480214975e-05,0,0.0,0.0
888,2019-09-23,4.2506842080137935e-05,0,0.0,0.0
889,2019-09-24,3.445590096605683e-05,0,0.0,0.0
890,2019-09-25,3.33018841203518e-05,0,0.0,0.0
891,2019-09-26,5.376404358133161e-05,0,0.0,0.0
892,2019-09-27,4.3905994166208335e-05,0,0.0,0.0
893,2019-09-30,4.974549615056583e-05,0,0.0,0.0
894,2019-10-08,4.678231329526171e-05,0,0.0,0.0
895,2019-10-09,4.7132732827727926e-05,0,0.0,0.0
896,2019-10-10,3.491697627451281e-05,0,0.0,0.0
897,2019-10-11,5.985952106377913e-05,0,0.0,0.0
898,2019-10-14,6.804329197568338e-05,0,0.0,0.0
899,2019-10-15,3.0500627245197794e-05,0,0.0,0.0
900,2019-10-16,6.502856229859164e-05,1,0.09666364447881576,2.0276814171534463
901,2019-10-17,4.224348744681735e-05,0,0.0,0.0
902,2019-10-18,8.596898846935163e-05,0,0.0,0.0
903,2019-10-21,4.419429798344633e-05,0,0.0,0.0
904,2019-10-22,6.000084821302199e-05,0,0.0,0.0
905,2019-10-23,3.81616769917442e-05,0,0.0,0.0
906,2019-10-24,4.722497531860979e-05,0,0.0,0.0
907,2019-10-25,8.112590458117813e-05,0,0.0,0.0
908,2019-10-28,6.1005552012044625e-05,0,0.0,0.0
909,2019-10-29,2.899636319045086e-05,0,0.0,0.0
910,2019-10-30,5.2771692131784706e-05,0,0.0,0.0
911,2019-10-31,3.456677872352461e-05,0,0.0,0.0
912,2019-11-01,6.885612020486943e-05,0,0.0,0.0
913,2019-11-04,4.49982965307123e-05,0,0.0,0.0
914,2019-11-05,7.481121549932892e-05,0,0.0,0.0
915,2019-11-06,3.172824999218699e-05,0,0.0,0.0
916,2019-11-07,5.059109121292234e-05,0,0.0,0.0
917,2019-11-08,5.683837859181526e-05,0,0.0,0.0
918,2019-11-11,4.326752863775344e-05,0,0.0,0.0
919,2019-11-12,3.8412481254729506e-05,0,0.0,0.0
920,2019-11-13,4.499960782831965e-05,0,0.0,0.0
921,2019-11-14,3.909643017395328e-05,0,0.0,0.0
922,2019-11-15,4.739589671676196e-05,0,0.0,0.0
923,2019-11-18,4.88383198591e-05,0,0.0,0.0
924,2019-11-19,3.178471542603065e-05,0,0.0,0.0
925,2019-11-20,2.9373367349069944e-05,0,0.0,0.0
926,2019-11-21,4.284647378300229e-05,0,0.0,0.0
927,2019-11-22,7.068901181911361e-05,0,0.0,0.0
928,2019-11-25,4.425853114876984e-05,0,0.0,0.0
929,2019-11-26,4.598181938374069e-05,0,0.0,0.0
930,2019-11-27,4.199283530756721e-05,0,0.0,0.0
931,2019-11-28,2.6835904977568452e-05,0,0.0,0.0
932,2019-11-29,6.020235763107768e-05,0,0.0,0.0
933,2019-12-02,2.9824183971839368e-05,0,0.0,0.0
934,2019-12-03,3.1693601409465946e-05,0,0.0,0.0
935,2019-12-04,3.386049969316995e-05,0,0.0,0.0
936,2019-12-05,3.881421558737327e-05,0,0.0,0.0
937,2019-12-06,2.5808800382094448e-05,0,0.0,0.0
938,2019-12-09,2.840368459120026e-05,0,0.0,0.0
939,2019-12-10,2.4361701638270426e-05,0,0.0,0.0
940,2019-12-11,2.698386915188357e-05,0,0.0,0.0
941,2019-12-12,1.988446616547225e-05,0,0.0,0.0
942,2019-12-13,3.6558298737843326e-05,0,0.0,0.0
943,2019-12-16,2.8672870822064865e-05,0,0.0,0.0
944,2019-12-17,8.171188926220908e-05,0,0.0,0.0
945,2019-12-18,3.817350898084274e-05,0,0.0,0.0
946,2019-12-19,2.905293267036167e-05,0,0.0,0.0
947,2019-12-20,4.0596269153384614e-05,0,0.0,0.0
948,2019-12-23,4.9942692298665074e-05,0,0.0,0.0
949,2019-12-24,2.1451817657955166e-05,0,0.0,0.0
950,2019-12-25,2.592880730066123e-05,0,0.0,0.0
951,2019-12-26,3.8885906491737615e-05,0,0.0,0.0
952,2019-12-27,7.597557083650349e-05,0,0.0,0.0
953,2019-12-30,9.465753599564642e-05,0,0.0,0.0
954,2019-12-31,4.616835193692817e-05,0,0.0,0.0
955,2020-01-02,6.808119011455463e-05,0,0.0,0.0
956,2020-01-03,4.015154201123143e-05,0,0.0,0.0
957,2020-01-06,8.865265689136359e-05,0,0.0,0.0
958,2020-01-07,6.369601233267944e-05,0,0.0,0.0
959,2020-01-08,4.4352383201386473e-05,0,0.0,0.0
960,2020-01-09,3.463262323694934e-05,0,0.0,0.0
961,2020-01-10,3.624688973434406e-05,0,0.0,0.0
962,2020-01-13,3.608317415260735e-05,0,0.0,0.0
963,2020-01-14,4.914203387592271e-05,0,0.0,0.0
964,2020-01-15,3.685659147480707e-05,0,0.0,0.0
965,2020-01-16,3.786144864353517e-05,0,0.0,0.0
966,2020-01-17,4.334697185403051e-05,0,0.0,0.0
967,2020-01-20,3.650860135890288e-05,0,0.0,0.0
968,2020-01-21,3.8956586055444094e-05,0,0.0,0.0
969,2020-01-22,9.644617948846804e-05,0,0.0,0.0
970,2020-01-23,0.0001576081377713417,0,0.0,0.0
971,2020-02-03,0.0002926366848317917,0,0.0,0.0
972,2020-02-04,0.00013891495660208714,1,0.13670070796707698,4.279472668742123
973,2020-02-05,0.00011856896105023133,0,0.0,0.0
974,2020-02-06,0.00010883146427017679,1,0.1253528822809697,3.4413233653134707
975,2020-02-07,8.221709481618404e-05,0,0.0,0.0
976,2020-02-10,8.605163379640939e-05,0,0.0,0.0
977,2020-02-11,8.157744429512059e-05,0,0.0,0.0
978,2020-02-12,4.6045561942690294e-05,0,0.0,0.0
979,2020-02-13,5.794226852673112e-05,0,0.0,0.0
980,2020-02-14,5.733768716123202e-05,0,0.0,0.0
981,2020-02-17,8.198682088992233e-05,0,0.0,0.0
982,2020-02-18,5.301939098878657e-05,0,0.0,0.0
983,2020-02-19,7.58034756775521e-05,0,0.0,0.0
984,2020-02-20,0.00010624112296438439,0,0.0,0.0
985,2020-02-21,8.891332440750998e-05,0,0.0,0.0
986,2020-02-24,0.00010067935778151121,0,0.0,0.0
987,2020-02-25,8.732061552629276e-05,0,0.0,0.0
988,2020-02-26,0.000175409638558257,0,0.0,0.0
989,2020-02-27,9.620145629053462e-05,0,0.0,0.0
990,2020-02-28,0.00015973264162950023,0,0.0,0.0
991,2020-03-02,0.00011929427530411021,1,0.13353325329540403,3.9764514513129763
992,2020-03-03,0.00010781608424893553,0,0.0,0.0
993,2020-03-04,9.537534612180128e-05,0,0.0,0.0
994,2020-03-05,0.00013837382142495042,0,0.0,0.0
995,2020-03-06,8.546352149701515e-05,0,0.0,0.0
996,2020-03-09,9.455906582719275e-05,0,0.0,0.0
997,2020-03-10,0.00027808186796738157,0,0.0,0.0
998,2020-03-11,0.00014020127339102985,0,0.0,0.0
999,2020-03-12,0.00015350925820527695,1,0.14492974339981707,4.642167496800218
1000,2020-03-13,0.0004371556390249972,1,0.22321429575976806,11.310643794150335
1001,2020-03-16,0.0002048256552766341,0,0.0,0.0
1002,2020-03-17,0.0004179346968083054,0,0.0,0.0
1003,2020-03-18,0.00022689922425813972,0,0.0,0.0
1004,2020-03-19,0.0005966141420754899,0,0.0,0.0
1005,2020-03-20,0.00030354681536754824,0,0.0,0.0
1006,2020-03-23,0.0003504990939222194,0,0.0,0.0
1007,2020-03-24,0.00029674864609756136,0,0.0,0.0
1008,2020-03-25,0.00018306069096282022,0,0.0,0.0
1009,2020-03-26,0.0001255174557298224,0,0.0,0.0
1010,2020-03-27,0.00013716145061142828,0,0.0,0.0
1011,2020-03-30,0.00015987476358639486,0,0.0,0.0
1012,2020-03-31,0.00010636358045234789,0,0.0,0.0
1013,2020-04-01,0.00013649042312948112,0,0.0,0.0
1014,2020-04-02,0.00010625176261903933,0,0.0,0.0
1015,2020-04-03,8.263686796891038e-05,0,0.0,0.0
1016,2020-04-07,5.768907036696962e-05,1,0.09206194314570869,1.7883657691852346
1017,2020-04-08,4.6378243052235655e-05,0,0.0,0.0
1018,2020-04-09,2.9677986785392297e-05,0,0.0,0.0
1019,2020-04-10,8.446594897209302e-05,0,0.0,0.0
1020,2020-04-13,4.694172263548841e-05,0,0.0,0.0
1021,2020-04-14,4.904937501271639e-05,0,0.0,0.0
1022,2020-04-15,3.92240163759236e-05,0,0.0,0.0
1023,2020-04-16,4.8283403172324897e-05,0,0.0,0.0
1024,2020-04-17,6.511679227230315e-05,0,0.0,0.0
1025,2020-04-20,4.77123293245126e-05,0,0.0,0.0
1026,2020-04-21,5.08205724766428e-05,0,0.0,0.0
1027,2020-04-22,4.5114704641342585e-05,0,0.0,0.0
1028,2020-04-23,4.1343822635284017e-05,0,0.0,0.0
1029,2020-04-24,4.0743660714643776e-05,0,0.0,0.0
1030,2020-04-27,5.9864518998159365e-05,0,0.0,0.0
1031,2020-04-28,8.83606480155154e-05,0,0.0,0.0
1032,2020-04-29,4.992790301244962e-05,0,0.0,0.0
1033,2020-04-30,7.045404064709628e-05,0,0.0,0.0
1034,2020-05-06,6.026340351886409e-05,0,0.0,0.0
1035,2020-05-07,3.73245077839411e-05,0,0.0,0.0
1036,2020-05-08,4.670709904179668e-05,0,0.0,0.0
1037,2020-05-11,5.4559668543873667e-05,0,0.0,0.0
1038,2020-05-12,4.56926357079077e-05,0,0.0,0.0
1039,2020-05-13,3.928488421260206e-05,0,0.0,0.0
1040,2020-05-14,3.56465818282984e-05,0,0.0,0.0
1041,2020-05-15,3.889925568149771e-05,0,0.0,0.0
1042,2020-05-18,6.901315826188004e-05,0,0.0,0.0
1043,2020-05-19,3.632918193909633e-05,0,0.0,0.0
1044,2020-05-20,3.85128433919215e-05,0,0.0,0.0
1045,2020-05-21,2.9183242873465366e-05,0,0.0,0.0
1046,2020-05-22,9.947959648176163e-05,0,0.0,0.0
1047,2020-05-25,6.827990948365104e-05,0,0.0,0.0
1048,2020-05-26,3.4570705408910066e-05,0,0.0,0.0
1049,2020-05-27,4.248936866456017e-05,0,0.0,0.0
1050,2020-05-28,9.273758511782446e-05,0,0.0,0.0
1051,2020-05-29,4.861372011704063e-05,0,0.0,0.0
1052,2020-06-01,5.7624605497479835e-05,0,0.0,0.0
1053,2020-06-02,4.196916791596063e-05,0,0.0,0.0
1054,2020-06-03,9.658629190367845e-05,0,0.0,0.0
1055,2020-06-04,4.4782824448568605e-05,0,0.0,0.0
1056,2020-06-05,4.365531584008454e-05,0,0.0,0.0
1057,2020-06-08,5.153356983900969e-05,0,0.0,0.0
1058,2020-06-09,3.6286192562193267e-05,0,0.0,0.0
1059,2020-06-10,3.8682427342184825e-05,0,0.0,0.0
1060,2020-06-11,5.095724787026669e-05,0,0.0,0.0
1061,2020-06-12,5.63622667355127e-05,1,0.08841129752023193,1.6728016426742596
1062,2020-06-15,5.366588346699438e-05,0,0.0,0.0
1063,2020-06-16,4.5454829324041016e-05,0,0.0,0.0
1064,2020-06-17,3.888072404362731e-05,0,0.0,0.0
1065,2020-06-18,5.107604084714356e-05,0,0.0,0.0
1066,2020-06-19,7.724630367560243e-05,0,0.0,0.0
1067,2020-06-22,4.942501026818628e-05,0,0.0,0.0
1068,2020-06-23,4.82324361096803e-05,0,0.0,0.0
1069,2020-06-24,3.9136358865519826e-05,0,0.0,0.0
1070,2020-06-29,5.024016163977892e-05,0,0.0,0.0
1071,2020-06-30,4.549254288177584e-05,0,0.0,0.0
1072,2020-07-01,9.429250427275905e-05,0,0.0,0.0
1073,2020-07-02,0.00014634888253988273,0,0.0,0.0
1074,2020-07-03,0.0001668776696056987,0,0.0,0.0
1075,2020-07-06,0.0004423878860593282,0,0.0,0.0
1076,2020-07-07,0.00047922842022162914,1,0.23612430967922782,12.879751211210749
1077,2020-07-08,0.0003200436769951146,0,0.0,0.0
1078,2020-07-09,0.00023008380321013833,0,0.0,0.0
1079,2020-07-10,0.0001926058667922829,0,0.0,0.0
1080,2020-07-13,0.00027473195374336717,0,0.0,0.0
1081,2020-07-14,0.00032914473523943576,0,0.0,0.0
1082,2020-07-15,0.00023964211170562024,0,0.0,0.0
1083,2020-07-16,0.0006648921750590999,0,0.0,0.0
1084,2020-07-17,0.0003491454528061816,0,0.0,0.0
1085,2020-07-20,0.00027277388947669805,0,0.0,0.0
1086,2020-07-21,0.00011822062534326568,0,0.0,0.0
1087,2020-07-22,0.00024793766258909865,0,0.0,0.0
1088,2020-07-23,0.0002853784432715607,1,0.20716113189243993,9.956707524387582
1089,2020-07-24,0.00034354831146714266,0,0.0,0.0
1090,2020-07-27,0.00017443328978168586,1,0.17406475915100736,6.968836339286009
1091,2020-07-28,0.0001248821660103033,0,0.0,0.0
1092,2020-07-29,0.00020507941497624287,0,0.0,0.0
1093,2020-07-30,8.452670504101976e-05,0,0.0,0.0
1094,2020-07-31,0.0002749439482342401,0,0.0,0.0
1095,2020-08-03,0.00011679099025781192,1,0.13724537630672445,4.351296100104412
1096,2020-08-04,0.00017771887961472228,0,0.0,0.0
1097,2020-08-05,0.00015239915067068562,0,0.0,0.0
1098,2020-08-06,0.0002253376881347988,0,0.0,0.0
1099,2020-08-07,0.00024973883703413493,0,0.0,0.0
1100,2020-08-10,0.00023556627894590355,0,0.0,0.0
1101,2020-08-11,0.0001802072453779404,0,0.0,0.0
1102,2020-08-12,0.00024100801110844497,0,0.0,0.0
1103,2020-08-13,9.579515800338669e-05,0,0.0,0.0
1104,2020-08-14,0.00011813002307265859,0,0.0,0.0
1105,2020-08-17,0.00020963804847057323,0,0.0,0.0
1106,2020-08-18,7.24882880577083e-05,0,0.0,0.0
1107,2020-08-19,0.00013097096495798074,0,0.0,0.0
1108,2020-08-20,0.00013773648032385508,0,0.0,0.0
1109,2020-08-21,8.71428757057838e-05,0,0.0,0.0
1110,2020-08-24,0.00012152398213671669,0,0.0,0.0
1111,2020-08-25,8.699368338464785e-05,0,0.0,0.0
1112,2020-08-26,0.0001010325958473802,0,0.0,0.0
1113,2020-08-27,7.189335961520343e-05,0,0.0,0.0
1114,2020-08-28,0.00013680648656780027,0,0.0,0.0
1115,2020-08-31,0.00013327701909464465,0,0.0,0.0
1116,2020-09-01,6.647263254049055e-05,0,0.0,0.0
1117,2020-09-02,0.0001074630558822504,0,0.0,0.0
1118,2020-09-03,0.00012394443466764434,0,0.0,0.0
1119,2020-09-04,8.579867892549786e-05,0,0.0,0.0
1120,2020-09-07,0.00011260938248939766,0,0.0,0.0
1121,2020-09-08,0.00010789616377261859,0,0.0,0.0
1122,2020-09-09,0.0001799572290321704,0,0.0,0.0
1123,2020-09-10,8.629193672417883e-05,0,0.0,0.0
1124,2020-09-11,9.166373095589735e-05,0,0.0,0.0
1125,2020-09-14,4.4622869461779565e-05,0,0.0,0.0
1126,2020-09-15,5.825509779454653e-05,0,0.0,0.0
1127,2020-09-16,6.548535371999397e-05,0,0.0,0.0
1128,2020-09-17,6.13970444210034e-05,0,0.0,0.0
1129,2020-09-18,0.00011532074294294344,0,0.0,0.0
1130,2020-09-21,8.378755233108511e-05,0,0.0,0.0
1131,2020-09-22,9.755758914995937e-05,0,0.0,0.0
1132,2020-09-23,5.511060770521099e-05,0,0.0,0.0
1133,2020-09-24,7.664157765474176e-05,0,0.0,0.0
1134,2020-09-25,7.420676296732514e-05,0,0.0,0.0
1135,2020-09-28,7.347319786399815e-05,0,0.0,0.0
1136,2020-09-29,4.9621199864502e-05,0,0.0,0.0
1137,2020-09-30,7.918008358650527e-05,0,0.0,0.0
1138,2020-10-09,4.067823961022869e-05,0,0.0,0.0
1139,2020-10-12,9.19558948089126e-05,0,0.0,0.0
1140,2020-10-13,4.2862548905270775e-05,0,0.0,0.0
1141,2020-10-14,3.656760958723845e-05,0,0.0,0.0
1142,2020-10-15,6.916006595584503e-05,0,0.0,0.0
1143,2020-10-16,7.689993653853941e-05,0,0.0,0.0
1144,2020-10-19,0.0001608329281392096,0,0.0,0.0
1145,2020-10-20,5.2250867039635566e-05,0,0.0,0.0
1146,2020-10-21,5.8833716773405255e-05,0,0.0,0.0
1147,2020-10-22,7.176801149795708e-05,0,0.0,0.0
1148,2020-10-23,0.00010079679699221238,0,0.0,0.0
1149,2020-10-26,0.00010120047544666348,0,0.0,0.0
1150,2020-10-27,5.37449300558538e-05,0,0.0,0.0
1151,2020-10-28,4.4095470192858224e-05,0,0.0,0.0
1152,2020-10-29,8.649649913249307e-05,0,0.0,0.0
1153,2020-10-30,9.289270959690058e-05,0,0.0,0.0
1154,2020-11-02,7.904420363969382e-05,0,0.0,0.0
1155,2020-11-03,7.055109161175412e-05,0,0.0,0.0
1156,2020-11-04,0.0001399347357327239,0,0.0,0.0
1157,2020-11-05,9.573270749291902e-05,0,0.0,0.0
1158,2020-11-06,7.202929352674101e-05,0,0.0,0.0
1159,2020-11-09,9.530910836109385e-05,0,0.0,0.0
1160,2020-11-10,5.274326814247131e-05,0,0.0,0.0
1161,2020-11-11,5.598696497872529e-05,0,0.0,0.0
1162,2020-11-12,5.614714875942389e-05,0,0.0,0.0
1163,2020-11-13,7.406089448765948e-05,0,0.0,0.0
1164,2020-11-16,5.0090471666195064e-05,0,0.0,0.0
1165,2020-11-17,4.532924657992228e-05,0,0.0,0.0
1166,2020-11-18,6.21342177506544e-05,0,0.0,0.0
1167,2020-11-19,6.66681828952773e-05,0,0.0,0.0
1168,2020-11-20,2.6303541915646985e-05,1,0.06260428835542044,0.7799665276541533
1169,2020-11-23,7.65502023417693e-05,0,0.0,0.0
1170,2020-11-24,4.347053752112173e-05,0,0.0,0.0
1171,2020-11-25,6.237831264421215e-05,0,0.0,0.0
1172,2020-11-26,5.35607901645917e-05,0,0.0,0.0
1173,2020-11-27,7.461787592029e-05,0,0.0,0.0
1174,2020-11-30,0.0002236021609346689,0,0.0,0.0
1175,2020-12-01,0.00015236287522497573,0,0.0,0.0
1176,2020-12-02,0.00015882265405394542,0,0.0,0.0
1177,2020-12-03,9.30919928714057e-05,0,0.0,0.0
1178,2020-12-04,0.00010039043127020636,0,0.0,0.0
1179,2020-12-07,0.0001091238417708429,0,0.0,0.0
1180,2020-12-08,7.243191452173931e-05,0,0.0,0.0
1181,2020-12-09,7.264073189544355e-05,0,0.0,0.0
1182,2020-12-10,5.378565564365995e-05,0,0.0,0.0
1183,2020-12-11,0.0001276218615962412,0,0.0,0.0
1184,2020-12-14,5.779678372041626e-05,0,0.0,0.0
1185,2020-12-15,5.485830716937629e-05,0,0.0,0.0
1186,2020-12-16,4.4538292562846236e-05,0,0.0,0.0
1187,2020-12-17,9.530373913573303e-05,0,0.0,0.0
1188,2020-12-18,6.78665752379487e-05,0,0.0,0.0
1189,2020-12-21,0.00012947199217946007,0,0.0,0.0
1190,2020-12-22,6.38278125236143e-05,0,0.0,0.0
1191,2020-12-23,8.703306741594638e-05,0,0.0,0.0
1192,2020-12-24,7.84100856746658e-05,0,0.0,0.0
1193,2020-12-25,8.773295954128744e-05,0,0.0,0.0
1194,2020-12-28,9.107423596608379e-05,0,0.0,0.0
1195,2020-12-29,6.742190077855186e-05,0,0.0,0.0
1196,2020-12-30,5.9014870080684124e-05,0,0.0,0.0
1197,2020-12-31,0.00017889970897210406,0,0.0,0.0
1198,2021-01-04,0.00011687225679225905,0,0.0,0.0
1199,2021-01-05,0.0001154168381735922,0,0.0,0.0
1200,2021-01-06,0.00022446635607774947,0,0.0,0.0
1201,2021-01-07,0.00017838001178605917,1,0.16614176439933606,6.431680590009971
1202,2021-01-08,0.0002648282555255463,0,0.0,0.0
1203,2021-01-11,0.0002319004561000222,0,0.0,0.0
1204,2021-01-12,0.00021696550583470695,0,0.0,0.0
1205,2021-01-13,0.00028673283059617007,0,0.0,0.0
1206,2021-01-14,0.0001850879220745837,0,0.0,0.0
1207,2021-01-15,0.0002221002092215357,0,0.0,0.0
1208,2021-01-18,0.00017806965908900117,0,0.0,0.0
1209,2021-01-19,0.00012675532812003168,0,0.0,0.0
1210,2021-01-20,0.0001232841943453836,0,0.0,0.0
1211,2021-01-21,0.00013366773300464816,0,0.0,0.0
1212,2021-01-22,9.380991400300263e-05,0,0.0,0.0
1213,2021-01-25,0.00012311459593353097,0,0.0,0.0
1214,2021-01-26,8.153456712212446e-05,0,0.0,0.0
1215,2021-01-27,6.513407386877243e-05,0,0.0,0.0
1216,2021-01-28,0.00011105201923045148,0,0.0,0.0
1217,2021-01-29,0.00012565860783738593,0,0.0,0.0
1218,2021-02-01,9.556230298085245e-05,0,0.0,0.0
1219,2021-02-02,6.574582941465508e-05,0,0.0,0.0
1220,2021-02-03,6.796368420063513e-05,0,0.0,0.0
1221,2021-02-04,0.00011732706762829279,0,0.0,0.0
1222,2021-02-05,0.00011252019856269698,0,0.0,0.0
1223,2021-02-08,0.00011024992436017724,0,0.0,0.0
1224,2021-02-09,7.320209637201033e-05,0,0.0,0.0
1225,2021-02-10,0.00011903585011031567,0,0.0,0.0
1226,2021-02-18,0.00016540448771283352,0,0.0,0.0
1227,2021-02-19,0.00010818433325642611,0,0.0,0.0
1228,2021-02-22,0.00023653436828706173,0,0.0,0.0
1229,2021-02-23,0.00015277635693464582,0,0.0,0.0
1230,2021-02-24,0.0003310513124130626,0,0.0,0.0
1231,2021-02-25,0.00017175547606682875,0,0.0,0.0
1232,2021-02-26,0.00027992224543934435,0,0.0,0.0
1233,2021-03-01,0.00011833124398328635,0,0.0,0.0
1234,2021-03-02,0.00018428873962227308,0,0.0,0.0
1235,2021-03-03,0.00012582793477469446,0,0.0,0.0
1236,2021-03-04,0.00023041161562521116,0,0.0,0.0
1237,2021-03-05,0.0003571456755009546,0,0.0,0.0
1238,2021-03-08,0.0003209552072909274,0,0.0,0.0
1239,2021-03-09,0.0005796566234093595,0,0.0,0.0
1240,2021-03-10,0.0002574314217878211,0,0.0,0.0
1241,2021-03-11,0.0001871660541593941,0,0.0,0.0
1242,2021-03-12,0.00014623781439147596,0,0.0,0.0
1243,2021-03-15,0.00020103721824249324,0,0.0,0.0
1244,2021-03-16,0.00016627379197452365,0,0.0,0.0
1245,2021-03-17,0.00016432937582605529,0,0.0,0.0
1246,2021-03-18,9.345121378557213e-05,0,0.0,0.0
1247,2021-03-19,0.00012078333844570013,0,0.0,0.0
1248,2021-03-22,0.00011862812148346043,0,0.0,0.0
1249,2021-03-23,0.0001296341230976459,0,0.0,0.0
1250,2021-03-24,0.00015074267319515903,0,0.0,0.0
1251,2021-03-25,0.00015398333412789924,0,0.0,0.0
1252,2021-03-26,9.347381537455596e-05,0,0.0,0.0
1253,2021-03-29,8.38115236456687e-05,0,0.0,0.0
1254,2021-03-30,6.952327012752438e-05,0,0.0,0.0
1255,2021-03-31,8.099656942220918e-05,0,0.0,0.0
1256,2021-04-01,7.54696038676131e-05,0,0.0,0.0
1257,2021-04-02,6.71506005208965e-05,0,0.0,0.0
1258,2021-04-06,6.766872983759946e-05,0,0.0,0.0
1259,2021-04-07,5.9700752500234875e-05,0,0.0,0.0
1260,2021-04-08,9.241031881723572e-05,0,0.0,0.0
1261,2021-04-09,6.019014266766782e-05,0,0.0,0.0
1262,2021-04-12,0.00010409654165544569,0,0.0,0.0
1263,2021-04-13,7.971659940026778e-05,0,0.0,0.0
1264,2021-04-14,7.306801660367704e-05,0,0.0,0.0
1265,2021-04-15,9.482317229596871e-05,0,0.0,0.0
1266,2021-04-16,8.853799983188591e-05,0,0.0,0.0
1267,2021-04-19,0.00010739321581241555,0,0.0,0.0
1268,2021-04-20,7.408301427197792e-05,0,0.0,0.0
1269,2021-04-21,6.192034251154685e-05,0,0.0,0.0
1270,2021-04-22,6.729679882909348e-05,0,0.0,0.0
1271,2021-04-23,7.607928629217866e-05,0,0.0,0.0
1272,2021-04-26,0.00013090992965436658,0,0.0,0.0
1273,2021-04-27,8.345216676813049e-05,0,0.0,0.0
1274,2021-04-28,7.581163985387682e-05,0,0.0,0.0
1275,2021-04-29,0.00010520081570737783,0,0.0,0.0
1276,2021-04-30,8.527249500497991e-05,0,0.0,0.0
1277,2021-05-06,0.00012258219601864358,0,0.0,0.0
1278,2021-05-07,0.00011322936101876729,0,0.0,0.0
1279,2021-05-10,0.00010515525633854103,0,0.0,0.0
1280,2021-05-11,9.588362455303207e-05,0,0.0,0.0
1281,2021-05-12,0.00010412861278465017,0,0.0,0.0
1282,2021-05-13,0.0001181140936834965,0,0.0,0.0
1283,2021-05-14,0.00010793057458836063,0,0.0,0.0
1284,2021-05-17,0.00011340726078900467,0,0.0,0.0
1285,2021-05-18,6.228860397992915e-05,0,0.0,0.0
1286,2021-05-19,5.056506532153635e-05,0,0.0,0.0
1287,2021-05-20,9.371183700257178e-05,0,0.0,0.0
1288,2021-05-21,0.0001112716381428483,0,0.0,0.0
1289,2021-05-24,8.092900035564668e-05,0,0.0,0.0
1290,2021-05-25,0.0001374281626868989,0,0.0,0.0
1291,2021-05-26,0.0001197934917857639,0,0.0,0.0
1292,2021-05-27,0.00019018300305247675,0,0.0,0.0
1293,2021-05-28,0.0001500136963965784,0,0.0,0.0
1294,2021-05-31,0.00011116165327269381,0,0.0,0.0
1295,2021-06-01,0.00010954163439754421,0,0.0,0.0
1296,2021-06-02,0.00010760492047845574,0,0.0,0.0
1297,2021-06-03,0.00011813489649591813,0,0.0,0.0
1298,2021-06-04,0.00019620975355304446,0,0.0,0.0
1299,2021-06-07,8.659683401621687e-05,0,0.0,0.0
1300,2021-06-08,0.00015884419904351583,0,0.0,0.0
1301,2021-06-09,7.814911096365896e-05,0,0.0,0.0
1302,2021-06-10,0.0001582259960256245,0,0.0,0.0
1303,2021-06-11,8.386848728024779e-05,0,0.0,0.0
1304,2021-06-15,8.905191926252047e-05,0,0.0,0.0
1305,2021-06-16,8.350770418195188e-05,0,0.0,0.0
1306,2021-06-17,5.8241461131148064e-05,0,0.0,0.0
1307,2021-06-18,9.484533106404039e-05,0,0.0,0.0
1308,2021-06-21,0.00010282617422330207,0,0.0,0.0
1309,2021-06-22,7.376066119931078e-05,0,0.0,0.0
1310,2021-06-23,9.410638209394257e-05,0,0.0,0.0
1311,2021-06-24,6.171606098102775e-05,0,0.0,0.0
1312,2021-06-25,8.94838643432148e-05,0,0.0,0.0
1313,2021-06-28,4.479050648453427e-05,0,0.0,0.0
1314,2021-06-29,4.742022573352416e-05,0,0.0,0.0
1315,2021-06-30,5.677170028799067e-05,0,0.0,0.0
1316,2021-07-01,9.462108596626159e-05,0,0.0,0.0
1317,2021-07-02,9.1834458969442e-05,0,0.0,0.0
1318,2021-07-05,8.058281466584833e-05,0,0.0,0.0
1319,2021-07-06,0.00010889705517288977,0,0.0,0.0
1320,2021-07-07,8.393490799179102e-05,0,0.0,0.0
1321,2021-07-08,7.43864997929305e-05,0,0.0,0.0
1322,2021-07-09,9.962340074932509e-05,0,0.0,0.0
1323,2021-07-12,0.00011472564053878297,0,0.0,0.0
1324,2021-07-13,0.00010203851386354742,0,0.0,0.0
1325,2021-07-14,8.853440297293489e-05,0,0.0,0.0
1326,2021-07-15,9.457610562872545e-05,0,0.0,0.0
1327,2021-07-16,6.733858700844229e-05,0,0.0,0.0
1328,2021-07-19,9.96748238578425e-05,0,0.0,0.0
1329,2021-07-20,7.761453222932727e-05,0,0.0,0.0
1330,2021-07-21,0.00010005478510228332,0,0.0,0.0
1331,2021-07-22,7.194806326936328e-05,0,0.0,0.0
1332,2021-07-23,7.495861538261183e-05,0,0.0,0.0
1333,2021-07-26,0.00024588273348939043,0,0.0,0.0
1334,2021-07-27,0.00027253719256586174,0,0.0,0.0
1335,2021-07-28,0.00040132065197845163,0,0.0,0.0
1336,2021-07-29,0.00013675433558646378,0,0.0,0.0
1337,2021-07-30,0.00017351372501220457,0,0.0,0.0
1338,2021-08-02,0.000256790138339186,0,0.0,0.0
1339,2021-08-03,0.00012595934542150277,0,0.0,0.0
1340,2021-08-04,9.421467344526428e-05,0,0.0,0.0
1341,2021-08-05,0.00010563629970102645,0,0.0,0.0
1342,2021-08-06,7.358941508899982e-05,0,0.0,0.0
1343,2021-08-09,0.0001613860370784699,0,0.0,0.0
1344,2021-08-10,0.0001007070644606891,0,0.0,0.0
1345,2021-08-11,9.066869944090376e-05,0,0.0,0.0
1346,2021-08-12,6.880303913094929e-05,0,0.0,0.0
1347,2021-08-13,0.00012529213947809682,0,0.0,0.0
1348,2021-08-16,0.00013077842974850226,0,0.0,0.0
1349,2021-08-17,0.00014371366708245802,0,0.0,0.0
1350,2021-08-18,0.0001430720681906573,0,0.0,0.0
1351,2021-08-19,0.0001464110960029182,0,0.0,0.0
1352,2021-08-20,0.00024189447410116486,0,0.0,0.0
1353,2021-08-23,0.00011995847162011916,0,0.0,0.0
1354,2021-08-24,0.0001442310709464299,0,0.0,0.0
1355,2021-08-25,0.00011166993289481633,0,0.0,0.0
1356,2021-08-26,0.00011349464978361212,0,0.0,0.0
1357,2021-08-27,0.00014757019858290207,0,0.0,0.0
1358,2021-08-30,0.00017474396218091563,0,0.0,0.0
1359,2021-08-31,0.00018549645679834793,0,0.0,0.0
1360,2021-09-01,0.00034712762618968856,0,0.0,0.0
1361,2021-09-02,0.00015164365193333747,0,0.0,0.0
1362,2021-09-03,0.0002152316123814274,0,0.0,0.0
1363,2021-09-06,0.000152363309561149,0,0.0,0.0
1364,2021-09-07,0.00012679921255039013,0,0.0,0.0
1365,2021-09-08,9.148310059226686e-05,0,0.0,0.0
1366,2021-09-09,9.043325147308169e-05,0,0.0,0.0
1367,2021-09-10,0.00018254212038783368,0,0.0,0.0
1368,2021-09-13,0.00012456321540612139,0,0.0,0.0
1369,2021-09-14,0.00017387200334430613,0,0.0,0.0
1370,2021-09-15,0.00011617831699282676,0,0.0,0.0
1371,2021-09-16,0.0002174942416127555,0,0.0,0.0
1372,2021-09-17,0.00013288350076591006,0,0.0,0.0
1373,2021-09-22,0.00010684489288847614,0,0.0,0.0
1374,2021-09-23,0.00010289771599489914,0,0.0,0.0
1375,2021-09-24,0.00013637529740161898,0,0.0,0.0
1376,2021-09-27,0.0001859139858468956,0,0.0,0.0
1377,2021-09-28,0.0001121709548615045,0,0.0,0.0
1378,2021-09-29,0.000139174358349205,0,0.0,0.0
1379,2021-09-30,6.31759634420437e-05,0,0.0,0.0
1380,2021-10-08,8.240205608129141e-05,0,0.0,0.0
1381,2021-10-11,7.530726795259347e-05,0,0.0,0.0
1382,2021-10-12,0.00010257036229137063,0,0.0,0.0
1383,2021-10-13,7.193965032167702e-05,0,0.0,0.0
1384,2021-10-14,8.52849045128353e-05,0,0.0,0.0
1385,2021-10-15,7.023819347663462e-05,1,0.09765514310555876,2.0885663319835257
1386,2021-10-18,0.00011496959914006965,0,0.0,0.0
1387,2021-10-19,4.48108619080888e-05,0,0.0,0.0
1388,2021-10-20,6.674798399708996e-05,0,0.0,0.0
1389,2021-10-21,8.429262210900033e-05,0,0.0,0.0
1390,2021-10-22,9.89070905921198e-05,0,0.0,0.0
1391,2021-10-25,7.39074795016328e-05,0,0.0,0.0
1392,2021-10-26,9.41166135177658e-05,0,0.0,0.0
1393,2021-10-27,6.091009582693758e-05,0,0.0,0.0
1394,2021-10-28,7.17416896457948e-05,0,0.0,0.0
1395,2021-10-29,5.704420183961025e-05,0,0.0,0.0
1396,2021-11-01,6.700471344140744e-05,0,0.0,0.0
1397,2021-11-02,0.00011460025409353825,0,0.0,0.0
1398,2021-11-03,7.994109905201591e-05,0,0.0,0.0
1399,2021-11-04,6.40979979157696e-05,0,0.0,0.0
1400,2021-11-05,6.505350043312447e-05,0,0.0,0.0
1401,2021-11-08,6.810558495337182e-05,0,0.0,0.0
1402,2021-11-09,7.401880416067376e-05,0,0.0,0.0
1403,2021-11-10,0.00010085127532032753,0,0.0,0.0
1404,2021-11-11,8.090505672828613e-05,0,0.0,0.0
1405,2021-11-12,6.693527902006013e-05,0,0.0,0.0
1406,2021-11-15,7.079098448080853e-05,0,0.0,0.0
1407,2021-11-16,7.284268807629312e-05,0,0.0,0.0
1408,2021-11-17,4.405675035588082e-05,0,0.0,0.0
1409,2021-11-18,6.493673313757e-05,0,0.0,0.0
1410,2021-11-19,8.441868736972508e-05,0,0.0,0.0
1411,2021-11-22,4.592561411489528e-05,0,0.0,0.0
1412,2021-11-23,3.807422785655169e-05,1,0.07246288080770796,1.1079716733134606
1413,2021-11-24,5.014838465225264e-05,0,0.0,0.0
1414,2021-11-25,4.5575078218877376e-05,0,0.0,0.0
1415,2021-11-26,4.1650519347917295e-05,0,0.0,0.0
1416,2021-11-29,5.3960540735257926e-05,0,0.0,0.0
1417,2021-11-30,4.387649427531184e-05,0,0.0,0.0
1418,2021-12-01,3.9370266757324615e-05,0,0.0,0.0
1419,2021-12-02,5.0502732779039066e-05,0,0.0,0.0
1420,2021-12-03,4.599042063888463e-05,0,0.0,0.0
1421,2021-12-06,5.180080799853213e-05,0,0.0,0.0
1422,2021-12-07,4.659502338795047e-05,0,0.0,0.0
1423,2021-12-08,9.085578776987877e-05,0,0.0,0.0
1424,2021-12-09,0.00015795844030433713,0,0.0,0.0
1425,2021-12-10,5.80374293571523e-05,0,0.0,0.0
1426,2021-12-13,9.743069400250526e-05,0,0.0,0.0
1427,2021-12-14,5.9665026335035246e-05,0,0.0,0.0
1428,2021-12-15,5.035033147996846e-05,0,0.0,0.0
1429,2021-12-16,5.300522091993212e-05,0,0.0,0.0
1430,2021-12-17,5.236688133436291e-05,0,0.0,0.0
1431,2021-12-20,7.167098776947671e-05,0,0.0,0.0
1432,2021-12-21,3.900816767010043e-05,0,0.0,0.0
1433,2021-12-22,4.901631470256153e-05,0,0.0,0.0
1434,2021-12-23,5.679169272396725e-05,0,0.0,0.0
1435,2021-12-24,4.97293602702294e-05,0,0.0,0.0
1436,2021-12-27,4.2323502064869044e-05,0,0.0,0.0
1437,2021-12-28,4.329212547579241e-05,0,0.0,0.0
1438,2021-12-29,5.920689526523704e-05,0,0.0,0.0
1439,2021-12-30,5.265688176014624e-05,0,0.0,0.0
1440,2021-12-31,5.348388898048695e-05,0,0.0,0.0
1441,2022-01-04,7.399067217443857e-05,0,0.0,0.0
1442,2022-01-05,8.342005561186694e-05,0,0.0,0.0
1443,2022-01-06,0.00010698688532354117,0,0.0,0.0
1444,2022-01-07,5.957391294945317e-05,0,0.0,0.0
1445,2022-01-10,9.445860053574424e-05,0,0.0,0.0
1446,2022-01-11,7.220480931336839e-05,0,0.0,0.0
1447,2022-01-12,4.627177209853186e-05,0,0.0,0.0
1448,2022-01-13,8.195927244804468e-05,0,0.0,0.0
1449,2022-01-14,0.00010466192818424328,0,0.0,0.0
1450,2022-01-17,6.576395875280245e-05,0,0.0,0.0
1451,2022-01-18,6.708502642290682e-05,0,0.0,0.0
1452,2022-01-19,6.893968734415213e-05,0,0.0,0.0
1453,2022-01-20,0.00010197521049341773,0,0.0,0.0
1454,2022-01-21,7.031234151295577e-05,0,0.0,0.0
1455,2022-01-24,9.696317359876567e-05,0,0.0,0.0
1456,2022-01-25,0.00011982848982261836,0,0.0,0.0
1457,2022-01-26,7.386989219200661e-05,0,0.0,0.0
1458,2022-01-27,0.00017402334363527723,0,0.0,0.0
1459,2022-01-28,0.00021901880288683468,0,0.0,0.0
1460,2022-02-07,9.833832455257384e-05,0,0.0,0.0
1461,2022-02-08,9.849257561545121e-05,0,0.0,0.0
1462,2022-02-09,7.763904181242855e-05,0,0.0,0.0
1463,2022-02-10,6.0296802018874734e-05,0,0.0,0.0
1464,2022-02-11,9.894542815113328e-05,0,0.0,0.0
1465,2022-02-14,8.467074999590174e-05,0,0.0,0.0
1466,2022-02-15,6.322084706927782e-05,0,0.0,0.0
1467,2022-02-16,5.7935963199713816e-05,0,0.0,0.0
1468,2022-02-17,6.80939892892788e-05,0,0.0,0.0
1469,2022-02-18,4.4371370006704176e-05,0,0.0,0.0
1470,2022-02-21,5.437804992592369e-05,0,0.0,0.0
1471,2022-02-22,5.5130276819171666e-05,0,0.0,0.0
1472,2022-02-23,3.9757003673909625e-05,0,0.0,0.0
1473,2022-02-24,0.00015027970513017023,0,0.0,0.0
1474,2022-02-25,7.228096278862214e-05,0,0.0,0.0
1475,2022-02-28,7.462516830695043e-05,0,0.0,0.0
1476,2022-03-01,6.318651142943923e-05,0,0.0,0.0
1477,2022-03-02,4.143302059138539e-05,0,0.0,0.0
1478,2022-03-03,5.543535595151503e-05,0,0.0,0.0
1479,2022-03-04,6.323515727289184e-05,0,0.0,0.0
1480,2022-03-07,0.00012613998490096877,0,0.0,0.0
1481,2022-03-08,0.0002584841231042956,0,0.0,0.0
1482,2022-03-09,0.0006003072668122342,0,0.0,0.0
1483,2022-03-10,0.00013050609135951431,0,0.0,0.0
1484,2022-03-11,0.0003586403500876119,0,0.0,0.0
1485,2022-03-14,0.00023375299338731042,0,0.0,0.0
1486,2022-03-15,0.0006947077510044395,0,0.0,0.0
1487,2022-03-16,0.0006160873783924885,0,0.0,0.0
1488,2022-03-17,0.00023378491053616728,0,0.0,0.0
1489,2022-03-18,0.00021224362880867408,0,0.0,0.0
1490,2022-03-21,0.00013350336871539265,0,0.0,0.0
1491,2022-03-22,0.0001285113197452619,0,0.0,0.0
1492,2022-03-23,9.880047516997364e-05,0,0.0,0.0
1493,2022-03-24,9.598020516442328e-05,0,0.0,0.0
1494,2022-03-25,0.00014255277231657002,0,0.0,0.0
1495,2022-03-28,0.00022566456541631374,0,0.0,0.0
1496,2022-03-29,9.497685457888274e-05,0,0.0,0.0
1497,2022-03-30,0.00011483559517612947,0,0.0,0.0
1498,2022-03-31,6.880762379987232e-05,0,0.0,0.0
1499,2022-04-01,0.00014698586125161275,0,0.0,0.0
1500,2022-04-06,8.36042998955093e-05,0,0.0,0.0
1501,2022-04-07,0.00011572748880484602,0,0.0,0.0
1502,2022-04-08,9.803980371224689e-05,0,0.0,0.0
1503,2022-04-11,0.00015491504692109281,0,0.0,0.0
1504,2022-04-12,0.0001813235557045307,0,0.0,0.0
1505,2022-04-13,8.698574816503183e-05,0,0.0,0.0
1506,2022-04-14,0.00010327469000616465,0,0.0,0.0
1507,2022-04-15,9.67225443328531e-05,0,0.0,0.0
1508,2022-04-18,0.00010575648899664099,0,0.0,0.0
1509,2022-04-19,8.610258173340552e-05,0,0.0,0.0
1510,2022-04-20,0.00013238557931242957,0,0.0,0.0
1511,2022-04-21,0.00024435102658026454,0,0.0,0.0
1512,2022-04-22,0.0002244377874547517,0,0.0,0.0
1513,2022-04-25,0.00035428627227961703,0,0.0,0.0
1514,2022-04-26,0.00038657765965062084,0,0.0,0.0
1515,2022-04-27,0.0002626985840791264,0,0.0,0.0
1516,2022-04-28,0.00016072499627096246,0,0.0,0.0
1517,2022-04-29,0.00032673551009866424,0,0.0,0.0
1518,2022-05-05,8.322073675471886e-05,0,0.0,0.0
1519,2022-05-06,0.00010646053662543766,0,0.0,0.0
1520,2022-05-09,9.585722712769477e-05,0,0.0,0.0
1521,2022-05-10,0.00027616471147871765,0,0.0,0.0
1522,2022-05-11,0.00012148520740372604,0,0.0,0.0
1523,2022-05-12,0.00010418895871772019,0,0.0,0.0
1524,2022-05-13,0.0001177235641359585,0,0.0,0.0
1525,2022-05-16,0.00011221770193060484,0,0.0,0.0
1526,2022-05-17,7.80439302399939e-05,0,0.0,0.0
1527,2022-05-18,7.707730263334965e-05,0,0.0,0.0
1528,2022-05-19,0.00011347425737987808,0,0.0,0.0
1529,2022-05-20,0.00011922987304121695,0,0.0,0.0
1530,2022-05-23,8.281175428095966e-05,0,0.0,0.0
1531,2022-05-24,8.509646713174171e-05,0,0.0,0.0
1532,2022-05-25,5.675315979304075e-05,0,0.0,0.0
1533,2022-05-26,0.00012033375594851613,0,0.0,0.0
1534,2022-05-27,0.00013209448260633497,0,0.0,0.0
1535,2022-05-30,8.15997562023266e-05,0,0.0,0.0
1536,2022-05-31,0.0001315196376293185,0,0.0,0.0
1537,2022-06-01,6.10220376847976e-05,0,0.0,0.0
1538,2022-06-02,6.0119476127749875e-05,0,0.0,0.0
1539,2022-06-06,0.00010949572279423823,0,0.0,0.0
1540,2022-06-07,0.00011537165542614804,0,0.0,0.0
1541,2022-06-08,0.00013644692261233877,0,0.0,0.0
1542,2022-06-09,0.00015874967461726696,0,0.0,0.0
1543,2022-06-10,0.00012001789305270946,0,0.0,0.0
1544,2022-06-13,9.669051954312895e-05,0,0.0,0.0
1545,2022-06-14,0.00013303181686257854,0,0.0,0.0
1546,2022-06-15,0.0003315901089920568,0,0.0,0.0
1547,2022-06-16,0.00012473414999306245,0,0.0,0.0
1548,2022-06-17,0.00020168198457240114,0,0.0,0.0
1549,2022-06-20,0.0001733288562590565,0,0.0,0.0
1550,2022-06-21,0.00016087671758592195,0,0.0,0.0
1551,2022-06-22,8.919116296228527e-05,0,0.0,0.0
1552,2022-06-23,0.00012168070404915486,0,0.0,0.0
1553,2022-06-24,0.00012560190838342022,0,0.0,0.0
1554,2022-06-27,0.00015323984619642863,0,0.0,0.0
1555,2022-06-28,8.878412548157337e-05,0,0.0,0.0
1556,2022-06-29,0.00012124284959267852,0,0.0,0.0
1557,2022-06-30,0.00011949067169717948,0,0.0,0.0
1558,2022-07-01,0.00011899810694825394,0,0.0,0.0
1559,2022-07-04,0.00011513773205078936,0,0.0,0.0
1560,2022-07-05,0.00016919544485984516,0,0.0,0.0
1561,2022-07-06,0.00011725936648423269,0,0.0,0.0
1562,2022-07-07,7.794373408301589e-05,0,0.0,0.0
1563,2022-07-08,9.75266777556536e-05,0,0.0,0.0
1564,2022-07-11,7.465817113814663e-05,0,0.0,0.0
1565,2022-07-12,7.513541765919203e-05,0,0.0,0.0
1566,2022-07-13,6.765809079825152e-05,0,0.0,0.0
1567,2022-07-14,9.606379034241477e-05,0,0.0,0.0
1568,2022-07-15,0.00010590231828822832,0,0.0,0.0
1569,2022-07-18,0.00010194981254043818,0,0.0,0.0
1570,2022-07-19,8.622009871182907e-05,0,0.0,0.0
1571,2022-07-20,6.559319031532411e-05,0,0.0,0.0
1572,2022-07-21,7.176341205071657e-05,0,0.0,0.0
1573,2022-07-22,0.00011246816397344982,0,0.0,0.0
1574,2022-07-25,6.277077771741594e-05,0,0.0,0.0
1575,2022-07-26,4.779220447430373e-05,0,0.0,0.0
1576,2022-07-27,4.3966646189692716e-05,0,0.0,0.0
1577,2022-07-28,6.416270046098944e-05,0,0.0,0.0
1578,2022-07-29,0.00013380872633069976,0,0.0,0.0
1579,2022-08-01,9.120879314938672e-05,0,0.0,0.0
1580,2022-08-02,0.00016168161134566368,0,0.0,0.0
1581,2022-08-03,9.700594689765444e-05,0,0.0,0.0
1582,2022-08-04,0.00010740614668795812,0,0.0,0.0
1583,2022-08-05,8.966354766190893e-05,0,0.0,0.0
1584,2022-08-08,4.865555186555521e-05,0,0.0,0.0
1585,2022-08-09,5.190573578681672e-05,0,0.0,0.0
1586,2022-08-10,6.401557166054825e-05,0,0.0,0.0
1587,2022-08-11,7.864006145058329e-05,0,0.0,0.0
1588,2022-08-12,5.2354904069986124e-05,0,0.0,0.0
1589,2022-08-15,7.532367278635344e-05,0,0.0,0.0
1590,2022-08-16,5.77366369718215e-05,0,0.0,0.0
1591,2022-08-17,7.388339626414461e-05,0,0.0,0.0
1592,2022-08-18,6.0729686039854815e-05,0,0.0,0.0
1593,2022-08-19,7.329025540225739e-05,0,0.0,0.0
1594,2022-08-22,5.5395671420616093e-05,0,0.0,0.0
1595,2022-08-23,6.351888763631899e-05,0,0.0,0.0
1596,2022-08-24,7.637841182677729e-05,0,0.0,0.0
1597,2022-08-25,6.821476840155146e-05,0,0.0,0.0
1598,2022-08-26,5.64103160716624e-05,0,0.0,0.0
1599,2022-08-29,7.186441892127869e-05,0,0.0,0.0
1600,2022-08-30,5.5848830408513326e-05,0,0.0,0.0
1601,2022-08-31,0.00013477486945553027,0,0.0,0.0
1602,2022-09-01,5.921250683467908e-05,0,0.0,0.0
1603,2022-09-02,8.953659708823354e-05,0,0.0,0.0
1604,2022-09-05,0.00010884400576429103,0,0.0,0.0
1605,2022-09-06,7.289325459851822e-05,0,0.0,0.0
1606,2022-09-07,4.135361235085234e-05,0,0.0,0.0
1607,2022-09-08,4.214984061001143e-05,0,0.0,0.0
1608,2022-09-09,6.338014023031738e-05,0,0.0,0.0
1609,2022-09-13,5.09883232293228e-05,0,0.0,0.0
1610,2022-09-14,3.859534918901682e-05,0,0.0,0.0
1611,2022-09-15,6.326911709163009e-05,0,0.0,0.0
1612,2022-09-16,7.625964155372286e-05,0,0.0,0.0
1613,2022-09-19,7.370382581864404e-05,0,0.0,0.0
1614,2022-09-20,4.949798324696195e-05,0,0.0,0.0
1615,2022-09-21,9.767960226094909e-05,0,0.0,0.0
1616,2022-09-22,8.278912202360426e-05,0,0.0,0.0
1617,2022-09-23,0.00011603883267165906,0,0.0,0.0
1618,2022-09-26,9.416319895777561e-05,0,0.0,0.0
1619,2022-09-27,7.418055789307058e-05,0,0.0,0.0
1620,2022-09-28,5.26793110005589e-05,0,0.0,0.0
1621,2022-09-29,7.31669612579293e-05,0,0.0,0.0
1622,2022-09-30,8.879126128453018e-05,0,0.0,0.0
1623,2022-10-10,0.00013331518419509842,0,0.0,0.0
1624,2022-10-11,8.924004858136492e-05,0,0.0,0.0
1625,2022-10-12,0.00022524391263659387,0,0.0,0.0
1626,2022-10-13,0.00011854701252515741,0,0.0,0.0
1627,2022-10-14,0.00011475836050479956,0,0.0,0.0
1628,2022-10-17,7.285659876726864e-05,0,0.0,0.0
1629,2022-10-18,9.24914280882402e-05,0,0.0,0.0
1630,2022-10-19,0.00010100465306365274,0,0.0,0.0
1631,2022-10-20,0.00019501161047100936,0,0.0,0.0
1632,2022-10-21,9.737923032966924e-05,0,0.0,0.0
1633,2022-10-24,0.0003947151578852664,0,0.0,0.0
1634,2022-10-25,0.00028957939421870996,0,0.0,0.0
1635,2022-10-26,0.00017277342178800695,0,0.0,0.0
1636,2022-10-27,0.000202761324512022,0,0.0,0.0
1637,2022-10-28,0.0003021936489455612,0,0.0,0.0
1638,2022-10-31,0.00030519467995671523,0,0.0,0.0
1639,2022-11-01,0.00025530410006340866,0,0.0,0.0
1640,2022-11-02,0.00018292315176168065,0,0.0,0.0
1641,2022-11-03,0.00013192323628954649,0,0.0,0.0
1642,2022-11-04,0.00018596944870960403,0,0.0,0.0
1643,2022-11-07,0.00016064898386823653,0,0.0,0.0
1644,2022-11-08,0.00010771702737233216,0,0.0,0.0
1645,2022-11-09,9.874144562657086e-05,0,0.0,0.0
1646,2022-11-10,0.00013705046579954786,0,0.0,0.0
1647,2022-11-11,0.00025434896967985556,0,0.0,0.0
1648,2022-11-14,0.00018385377276848277,0,0.0,0.0
1649,2022-11-15,0.0001965651524138269,0,0.0,0.0
1650,2022-11-16,9.600723445106181e-05,0,0.0,0.0
1651,2022-11-17,8.458333014505081e-05,0,0.0,0.0
1652,2022-11-18,0.00013291109893543871,0,0.0,0.0
1653,2022-11-21,0.0001053452931053071,0,0.0,0.0
1654,2022-11-22,0.00014957549106765067,0,0.0,0.0
1655,2022-11-23,0.00016815130838466447,0,0.0,0.0
1656,2022-11-24,0.00012936983753188548,0,0.0,0.0
1657,2022-11-25,0.00013080415822524827,0,0.0,0.0
1658,2022-11-28,0.0001418057187467368,1,0.14879594088394113,4.9816812186558055
1659,2022-11-29,0.00013787798788203142,0,0.0,0.0
1660,2022-11-30,8.659686632453125e-05,0,0.0,0.0
1661,2022-12-01,0.000138683236475789,0,0.0,0.0
1662,2022-12-02,7.734218004114976e-05,0,0.0,0.0
1663,2022-12-05,0.00011686284520558218,0,0.0,0.0
1664,2022-12-06,0.00010753471601825148,0,0.0,0.0
1665,2022-12-07,0.00011719835988440954,0,0.0,0.0
1666,2022-12-08,9.989975625392718e-05,0,0.0,0.0
1667,2022-12-09,0.00012122309255438092,0,0.0,0.0
1668,2022-12-12,7.142215526995886e-05,0,0.0,0.0
1669,2022-12-13,5.498171363438673e-05,0,0.0,0.0
1670,2022-12-14,7.972671676246378e-05,0,0.0,0.0
1671,2022-12-15,7.184548273473017e-05,0,0.0,0.0
1672,2022-12-16,7.00542851750905e-05,0,0.0,0.0
1673,2022-12-19,9.418101343065604e-05,0,0.0,0.0
1674,2022-12-20,0.00010687037114417657,0,0.0,0.0
1675,2022-12-21,6.716720927347854e-05,0,0.0,0.0
1676,2022-12-22,6.036661185571685e-05,0,0.0,0.0
1677,2022-12-23,7.538051616706875e-05,0,0.0,0.0
1678,2022-12-26,5.845591510038555e-05,0,0.0,0.0
1679,2022-12-27,5.3996477586168335e-05,0,0.0,0.0
1680,2022-12-28,4.542762986128396e-05,0,0.0,0.0
1681,2022-12-29,5.27393583005271e-05,0,0.0,0.0
1682,2022-12-30,4.901450834312535e-05,0,0.0,0.0
1683,2023-01-03,7.314989065104546e-05,0,0.0,0.0
1684,2023-01-04,4.659393963509158e-05,0,0.0,0.0
1685,2023-01-05,6.558682636875244e-05,0,0.0,0.0
1686,2023-01-06,6.202778976991859e-05,0,0.0,0.0
1687,2023-01-09,6.887266888807381e-05,0,0.0,0.0
1688,2023-01-10,4.450950463668623e-05,0,0.0,0.0
1689,2023-01-11,6.509068558209702e-05,0,0.0,0.0
1690,2023-01-12,5.343752773535634e-05,0,0.0,0.0
1691,2023-01-13,6.4930081679615e-05,0,0.0,0.0
1692,2023-01-16,0.0001457638355342043,0,0.0,0.0
1693,2023-01-17,6.724964649341251e-05,0,0.0,0.0
1694,2023-01-18,4.820819307969169e-05,0,0.0,0.0
1695,2023-01-19,7.92390565907839e-05,0,0.0,0.0
1696,2023-01-20,5.871662008517231e-05,0,0.0,0.0
1697,2023-01-30,0.00010604553381469308,0,0.0,0.0
1698,2023-01-31,7.939588800851189e-05,0,0.0,0.0
1699,2023-02-01,8.273448326801034e-05,0,0.0,0.0
1700,2023-02-02,7.007565802754598e-05,0,0.0,0.0
1701,2023-02-03,9.174037816937678e-05,0,0.0,0.0
1702,2023-02-06,8.506367698435854e-05,0,0.0,0.0
1703,2023-02-07,6.654185250730817e-05,0,0.0,0.0
1704,2023-02-08,5.709068530699168e-05,0,0.0,0.0
1705,2023-02-09,6.680963870864747e-05,0,0.0,0.0
1706,2023-02-10,4.955349879054527e-05,0,0.0,0.0
1707,2023-02-13,8.237169887435378e-05,0,0.0,0.0
1708,2023-02-14,3.613749303285313e-05,0,0.0,0.0
1709,2023-02-15,4.9504914650974946e-05,0,0.0,0.0
1710,2023-02-16,0.00013130543187250845,0,0.0,0.0
1711,2023-02-17,0.00010610001669242362,0,0.0,0.0
1712,2023-02-20,0.00011080688540326817,0,0.0,0.0
1713,2023-02-21,9.922481915147687e-05,0,0.0,0.0
1714,2023-02-22,7.210847356918656e-05,0,0.0,0.0
1715,2023-02-23,9.549160979515049e-05,0,0.0,0.0
1716,2023-02-24,7.950170875695286e-05,0,0.0,0.0
1717,2023-02-27,0.000109748521204592,0,0.0,0.0
1718,2023-02-28,7.6270237340622e-05,0,0.0,0.0
1719,2023-03-01,0.00013012921937225779,0,0.0,0.0
1720,2023-03-02,6.734107137685929e-05,0,0.0,0.0
1721,2023-03-03,6.2488322389153e-05,0,0.0,0.0
1722,2023-03-06,7.57810738267452e-05,0,0.0,0.0
1723,2023-03-07,9.541199974877904e-05,0,0.0,0.0
1724,2023-03-08,5.7883771398077584e-05,0,0.0,0.0
1725,2023-03-09,7.763356170823148e-05,0,0.0,0.0
1726,2023-03-10,9.177875107383197e-05,0,0.0,0.0
1727,2023-03-13,9.109440543683385e-05,0,0.0,0.0
1728,2023-03-14,8.889320719301061e-05,0,0.0,0.0
1729,2023-03-15,6.83027270248351e-05,0,0.0,0.0
1730,2023-03-16,8.866707836799586e-05,0,0.0,0.0
1731,2023-03-17,0.00010192115841423994,0,0.0,0.0
1732,2023-03-20,6.289935764616287e-05,0,0.0,0.0
1733,2023-03-21,5.602730849898631e-05,0,0.0,0.0
1734,2023-03-22,4.67351265980519e-05,0,0.0,0.0
1735,2023-03-23,6.08068903963459e-05,0,0.0,0.0
1736,2023-03-24,3.771903412987877e-05,0,0.0,0.0
1737,2023-03-27,4.729076987266842e-05,0,0.0,0.0
1738,2023-03-28,4.176009370456382e-05,0,0.0,0.0
1739,2023-03-29,4.978884740858801e-05,0,0.0,0.0
1740,2023-03-30,6.0153618412472935e-05,0,0.0,0.0
1741,2023-03-31,4.510838688072911e-05,0,0.0,0.0
1742,2023-04-03,6.962543200072455e-05,0,0.0,0.0
1743,2023-04-04,4.109106051059806e-05,0,0.0,0.0
1744,2023-04-06,3.88409429657587e-05,0,0.0,0.0
1745,2023-04-07,3.850233865393723e-05,0,0.0,0.0
1746,2023-04-10,4.372698588544923e-05,0,0.0,0.0
1747,2023-04-11,3.7820628215857997e-05,0,0.0,0.0
