,Unnamed: 0_call,交易日期_x,行权价_call,成交量(手)_call,到期剩余天数_call,期权代码_call,收盘价_call,到期ETF收盘价_call,现期ETF收盘价_call,monthly_RV_call,option_type_call,期权收益率_call,IV_call,在值程度_call,Unnamed: 0_put,行权价_put,成交量(手)_put,到期剩余天数_put,期权代码_put,收盘价_put,到期ETF收盘价_put,现期ETF收盘价_put,monthly_RV_put,option_type_put,期权收益率_put,IV_put,在值程度_put,Return,交易日期_y,CV_22,intensity_22,size_22,sizevol_22
0,18,2016-02-02,2.1,1981.0,50,10000376.SH,0.05,2.171,1.975,0.0,call,0.0070377870706597,0.3266446612554192,1.06,1,1.85,2685.0,50,10000403.SH,0.06,2.171,1.975,0.0,put,-1.0,0.4035740728257894,0.94,-0.2310122914241046,2016-03-08,0.0011011489906596,1,0.1108087273707066,2.51718174785121
1,55,2016-02-04,2.1,1686.0,48,10000376.SH,0.04,2.171,1.978,0.0,call,0.0120259121994628,0.2911528548512457,1.06,7,1.85,2022.0,48,10000403.SH,0.05,2.171,1.978,0.0,put,-1.0,0.3742553375805318,0.94,-0.137746631734864,2016-03-08,0.0011011489906596,1,0.1108087273707066,2.51718174785121
2,197,2016-02-23,2.15,2890.0,29,10000345.SH,0.02,2.171,2.03,0.0,call,0.0016838355157531,0.2613641372169255,1.06,36,1.9,4790.0,29,10000404.SH,0.02,2.171,2.03,0.0,put,-1.0,0.3013671785099506,0.94,-0.4865364439782836,2016-03-08,0.0011011489906596,1,0.1108087273707066,2.51718174785121
3,270,2016-03-11,2.2,2623.0,47,10000589.SH,0.03,2.144,2.066,0.0,call,-1.0,0.2548577570510804,1.06,58,1.95,1840.0,47,10000580.SH,0.06,2.144,2.066,0.0,put,-1.0,0.3849338023760318,0.94,-1.0,2016-04-08,0.0008047416505956,2,0.1423635760138069,4.408298555449945
4,273,2016-03-14,2.2,4349.0,44,10000589.SH,0.04,2.144,2.076,0.0,call,-1.0,0.2925611926938295,1.06,61,1.95,3472.0,44,10000580.SH,0.05,2.144,2.076,0.0,put,-1.0,0.3688500334670841,0.94,-1.0,2016-04-08,0.0008047416505956,2,0.1423635760138069,4.408298555449945
5,282,2016-03-17,2.25,4549.0,41,10000593.SH,0.03,2.144,2.132,0.0,call,-1.0,0.2487465554825067,1.06,74,2.0,5998.0,41,10000581.SH,0.04,2.144,2.132,0.0,put,-1.0,0.3371241062415242,0.94,-1.0,2016-04-08,0.0008047416505956,2,0.1423635760138069,4.408298555449945
6,291,2016-03-23,2.3,9388.0,35,10000597.SH,0.04,2.144,2.171,0.0,call,-1.0,0.3210247805280685,1.06,99,2.05,6118.0,35,10000582.SH,0.04,2.144,2.171,0.0,put,-1.0,0.3421552125821711,0.94,-1.0,2016-04-08,0.0008047416505956,2,0.1423635760138069,4.408298555449945
7,300,2016-03-28,2.25,9929.0,30,10000593.SH,0.03,2.144,2.121,0.0,call,-1.0,0.307660472177267,1.06,116,2.0,6997.0,30,10000581.SH,0.02,2.144,2.121,0.0,put,-1.0,0.2717063723793625,0.94,-1.0,2016-04-08,0.0008047416505956,2,0.1423635760138069,4.408298555449945
8,325,2016-04-08,2.25,2256.0,47,10000605.SH,0.03,2.074,2.124,0.0,call,-1.0,0.2402081943876147,1.06,153,2.0,2273.0,47,10000612.SH,0.03,2.074,2.124,0.0,put,-1.0,0.2662949885951877,0.94,-1.0,2016-05-11,0.0004038264832088,2,0.1015312506993208,2.046325195445342
9,337,2016-04-14,2.3,2543.0,41,10000613.SH,0.03,2.074,2.174,0.0,call,-1.0,0.2521597541543245,1.06,163,2.05,3902.0,41,10000606.SH,0.02,2.074,2.174,0.0,put,-1.0,0.2315466901581883,0.94,-1.0,2016-05-11,0.0004038264832088,2,0.1015312506993208,2.046325195445342
10,339,2016-04-15,2.3,3886.0,40,10000613.SH,0.03,2.074,2.178,0.0,call,-1.0,0.2508417173034251,1.06,167,2.05,2791.0,40,10000606.SH,0.02,2.074,2.178,0.0,put,-1.0,0.2382629381733537,0.94,-1.0,2016-05-11,0.0004038264832088,2,0.1015312506993208,2.046325195445342
11,411,2016-05-09,2.2,6851.0,44,10000449.SH,0.02,2.124,2.071,0.0,call,-1.0,0.2146555767394304,1.06,229,1.95,6622.0,44,10000542.SH,0.02,2.124,2.071,0.0,put,-1.0,0.2317710419289469,0.94,-1.0,2016-06-14,0.0003197052421811,2,0.1047233140252658,2.2811999194769004
12,423,2016-05-10,2.2,6787.0,43,10000449.SH,0.012,2.124,2.07,0.0,call,-1.0,0.1787316368767022,1.06,234,1.95,5219.0,43,10000542.SH,0.02,2.124,2.07,0.0,put,-1.0,0.2332944166784286,0.94,-1.0,2016-06-14,0.0003197052421811,2,0.1047233140252658,2.2811999194769004
13,435,2016-05-11,2.2,3029.0,42,10000449.SH,0.0103,2.124,2.077,0.0,call,-1.0,0.1648338672218918,1.06,239,1.95,2605.0,42,10000542.SH,0.02,2.124,2.077,0.0,put,-1.0,0.2430735074386,0.94,-1.0,2016-06-14,0.0003197052421811,2,0.1047233140252658,2.2811999194769004
14,447,2016-05-12,2.2,5842.0,41,10000449.SH,0.01,2.124,2.083,0.0,call,-1.0,0.1594671868989468,1.06,244,1.95,5814.0,41,10000542.SH,0.02,2.124,2.083,0.0,put,-1.0,0.2520108618261218,0.94,-1.0,2016-06-14,0.0003197052421811,2,0.1047233140252658,2.2811999194769004
15,459,2016-05-13,2.2,2283.0,40,10000449.SH,0.009,2.124,2.079,0.0,call,-1.0,0.1596033238395452,1.06,249,1.95,2326.0,40,10000542.SH,0.02,2.124,2.079,0.0,put,-1.0,0.2508674068924784,0.94,-1.0,2016-06-14,0.0003197052421811,2,0.1047233140252658,2.2811999194769004
16,471,2016-05-16,2.2,3043.0,37,10000449.SH,0.0081,2.124,2.081,0.0,call,-1.0,0.1586711076613664,1.06,254,1.95,3696.0,37,10000542.SH,0.0135,2.124,2.081,0.0,put,-1.0,0.2254156402528285,0.94,-1.0,2016-06-14,0.0003197052421811,2,0.1047233140252658,2.2811999194769004
17,483,2016-05-17,2.2,4324.0,36,10000449.SH,0.0072,2.124,2.077,0.0,call,-1.0,0.1588555243400931,1.06,259,1.95,3470.0,36,10000542.SH,0.012,2.124,2.077,0.0,put,-1.0,0.2149625405065417,0.94,-1.0,2016-06-14,0.0003197052421811,2,0.1047233140252658,2.2811999194769004
18,495,2016-05-18,2.2,4478.0,35,10000449.SH,0.0069,2.124,2.0780000000000003,0.0,call,-1.0,0.1581456333757639,1.06,264,1.95,6923.0,35,10000542.SH,0.0118,2.124,2.0780000000000003,0.0,put,-1.0,0.2175965876514315,0.94,-1.0,2016-06-14,0.0003197052421811,2,0.1047233140252658,2.2811999194769004
19,507,2016-05-19,2.2,2950.0,34,10000449.SH,0.006,2.124,2.072,0.0,call,-1.0,0.1596647165929675,1.06,269,1.95,3760.0,34,10000542.SH,0.0107,2.124,2.072,0.0,put,-1.0,0.2071719789111018,0.94,-1.0,2016-06-14,0.0003197052421811,2,0.1047233140252658,2.2811999194769004
20,519,2016-05-20,2.2,1965.0,33,10000449.SH,0.006,2.124,2.083,0.0,call,-1.0,0.1514780227264165,1.06,274,1.95,4072.0,33,10000542.SH,0.0075,2.124,2.083,0.0,put,-1.0,0.1976644467767477,0.94,-1.0,2016-06-14,0.0003197052421811,2,0.1047233140252658,2.2811999194769004
21,531,2016-05-23,2.2,4520.0,30,10000449.SH,0.0052,2.124,2.084,0.0,call,-1.0,0.1517073812848329,1.06,279,1.95,5346.0,30,10000542.SH,0.0048,2.124,2.084,0.0,put,-1.0,0.1832105660642385,0.94,-1.0,2016-06-14,0.0003197052421811,2,0.1047233140252658,2.2811999194769004
22,543,2016-05-24,2.2,4338.0,29,10000449.SH,0.0038,2.124,2.069,0.0,call,-1.0,0.1560392062826156,1.06,284,1.95,3925.0,29,10000542.SH,0.0065,2.124,2.069,0.0,put,-1.0,0.1873971942199468,0.94,-1.0,2016-06-14,0.0003197052421811,2,0.1047233140252658,2.2811999194769004
23,555,2016-05-25,2.2,2902.0,28,10000449.SH,0.0041,2.124,2.074,0.0,call,-1.0,0.1571334278042913,1.06,289,1.95,3614.0,28,10000542.SH,0.0067,2.124,2.074,0.0,put,-1.0,0.1975396347129941,0.94,-1.0,2016-06-14,0.0003197052421811,2,0.1047233140252658,2.2811999194769004
24,567,2016-05-26,2.2,10145.0,27,10000449.SH,0.003,2.124,2.074,0.0,call,-1.0,0.1480552873162031,1.06,294,1.95,9744.0,27,10000542.SH,0.0047,2.124,2.074,0.0,put,-1.0,0.1817550213665962,0.94,-1.0,2016-06-14,0.0003197052421811,2,0.1047233140252658,2.2811999194769004
25,579,2016-05-27,2.2,4936.0,26,10000449.SH,0.0026,2.124,2.0780000000000003,0.0,call,-1.0,0.1421754112583399,1.06,299,1.95,5582.0,26,10000542.SH,0.0036,2.124,2.0780000000000003,0.0,put,-1.0,0.1765815792053937,0.94,-1.0,2016-06-14,0.0003197052421811,2,0.1047233140252658,2.2811999194769004
26,618,2016-06-22,2.25,3786.0,35,10000643.SH,0.0077,2.215,2.124,0.0,call,-1.0,0.1637153270173073,1.06,333,2.0,2934.0,35,10000637.SH,0.0089,2.215,2.124,0.0,put,-1.0,0.1893993132368921,0.94,-1.0,2016-07-14,0.0003131441775632,2,0.0988195996769018,1.9238646896677607
27,630,2016-06-28,2.25,7531.0,29,10000643.SH,0.0052,2.215,2.117,0.0,call,-1.0,0.1675970179628134,1.06,345,2.0,8183.0,29,10000637.SH,0.0051,2.215,2.117,0.0,put,-1.0,0.1686117269281149,0.94,-1.0,2016-07-14,0.0003131441775632,2,0.0988195996769018,1.9238646896677607
28,646,2016-07-08,2.3,2298.0,47,10000659.SH,0.0131,2.28,2.177,0.0,call,-1.0,0.161631132445544,1.06,371,2.05,3052.0,47,10000651.SH,0.011,2.28,2.177,0.0,put,-1.0,0.1753433529339432,0.94,-1.0,2016-08-15,0.0003014590821052,5,0.0702799107353716,0.8812009803019982
29,675,2016-07-26,2.35,7945.0,29,10000665.SH,0.0085,2.28,2.227,0.0,call,-1.0,0.1750866954618692,1.06,424,2.1,6693.0,29,10000652.SH,0.0049,2.28,2.227,0.0,put,-1.0,0.1682631591397524,0.94,-1.0,2016-08-15,0.0003014590821052,5,0.0702799107353716,0.8812009803019982
30,693,2016-08-11,2.35,14105.0,48,10000667.SH,0.007,2.219,2.2230000000000003,0.0,call,-1.0,0.1289872941493987,1.06,460,2.1,8188.0,48,10000572.SH,0.0078,2.219,2.2230000000000003,0.0,put,-1.0,0.1487321573238372,0.94,-1.0,2016-09-14,0.0002270579229963,3,0.0809764051033829,1.2459105624129196
31,1091,2017-02-08,2.5,1185.0,42,10000763.SH,0.0046,2.336,2.3480000000000003,0.0,call,-1.0,0.1326558389917611,1.06,1028,2.2,1264.0,42,10000679.SH,0.003,2.336,2.3480000000000003,0.0,put,-1.0,0.133134106422305,0.94,-1.0,2017-03-06,0.0001491311342279,1,0.0566335697730959,0.6030039417807428
32,1091,2017-02-08,2.5,1185.0,42,10000763.SH,0.0046,2.336,2.3480000000000003,0.0,call,-1.0,0.1326558389917611,1.06,1029,2.2,2618.0,42,10000828.SH,0.0029,2.336,2.3480000000000003,0.0,put,-1.0,0.1321216624323725,0.94,-1.0,2017-03-06,0.0001491311342279,1,0.0566335697730959,0.6030039417807428
33,1092,2017-02-08,2.5,7126.0,42,10000791.SH,0.0042,2.336,2.3480000000000003,0.0,call,-1.0,0.1296148115358352,1.06,1028,2.2,1264.0,42,10000679.SH,0.003,2.336,2.3480000000000003,0.0,put,-1.0,0.133134106422305,0.94,-1.0,2017-03-06,0.0001491311342279,1,0.0566335697730959,0.6030039417807428
34,1092,2017-02-08,2.5,7126.0,42,10000791.SH,0.0042,2.336,2.3480000000000003,0.0,call,-1.0,0.1296148115358352,1.06,1029,2.2,2618.0,42,10000828.SH,0.0029,2.336,2.3480000000000003,0.0,put,-1.0,0.1321216624323725,0.94,-1.0,2017-03-06,0.0001491311342279,1,0.0566335697730959,0.6030039417807428
35,1143,2017-02-20,2.55,4590.0,30,10000811.SH,0.0025,2.336,2.395,0.0,call,-1.0,0.1364907999191283,1.06,1106,2.25,2358.0,30,10000680.SH,0.0022,2.336,2.395,0.0,put,-1.0,0.1407286880437135,0.94,-1.0,2017-03-06,0.0001491311342279,1,0.0566335697730959,0.6030039417807428
36,1143,2017-02-20,2.55,4590.0,30,10000811.SH,0.0025,2.336,2.395,0.0,call,-1.0,0.1364907999191283,1.06,1107,2.25,6720.0,30,10000820.SH,0.0021,2.336,2.395,0.0,put,-1.0,0.139366364963889,0.94,-1.0,2017-03-06,0.0001491311342279,1,0.0566335697730959,0.6030039417807428
37,1153,2017-02-22,2.55,3874.0,28,10000811.SH,0.0021,2.336,2.396,0.0,call,-1.0,0.1356251024912595,1.06,1128,2.25,293.0,28,10000680.SH,0.0018,2.336,2.396,0.0,put,-1.0,0.1402919054251909,0.94,-1.0,2017-03-06,0.0001491311342279,1,0.0566335697730959,0.6030039417807428
38,1153,2017-02-22,2.55,3874.0,28,10000811.SH,0.0021,2.336,2.396,0.0,call,-1.0,0.1356251024912595,1.06,1129,2.25,2281.0,28,10000820.SH,0.0017,2.336,2.396,0.0,put,-1.0,0.1387102373622655,0.94,-1.0,2017-03-06,0.0001491311342279,1,0.0566335697730959,0.6030039417807428
39,1323,2017-05-18,2.5,804.0,41,10000765.SH,0.0017,2.548,2.35,0.0,call,0.0848886818834151,0.1060383252924681,1.06,1291,2.2,195.0,41,10000733.SH,0.0009,2.548,2.35,0.0,put,-1.0,0.1075422689374685,0.94,7.443791095343661,2017-06-13,0.0002454012688953,2,0.0657326666168559,0.8144978621926124
40,1323,2017-05-18,2.5,804.0,41,10000765.SH,0.0017,2.548,2.35,0.0,call,0.0848886818834151,0.1060383252924681,1.06,1292,2.2,1284.0,41,10000830.SH,0.001,2.548,2.35,0.0,put,-1.0,0.1094884788255691,0.94,7.213806973271922,2017-06-13,0.0002454012688953,2,0.0657326666168559,0.8144978621926124
41,1324,2017-05-18,2.5,1786.0,41,10000801.SH,0.0017,2.548,2.35,0.0,call,0.0848886818834151,0.1060383252924681,1.06,1291,2.2,195.0,41,10000733.SH,0.0009,2.548,2.35,0.0,put,-1.0,0.1075422689374685,0.94,7.443791095343661,2017-06-13,0.0002454012688953,2,0.0657326666168559,0.8144978621926124
42,1324,2017-05-18,2.5,1786.0,41,10000801.SH,0.0017,2.548,2.35,0.0,call,0.0848886818834151,0.1060383252924681,1.06,1292,2.2,1284.0,41,10000830.SH,0.001,2.548,2.35,0.0,put,-1.0,0.1094884788255691,0.94,7.213806973271922,2017-06-13,0.0002454012688953,2,0.0657326666168559,0.8144978621926124
43,1344,2017-05-23,2.55,3385.0,36,10000813.SH,0.0016,2.548,2.403,0.0,call,-1.0,0.1080422324478626,1.06,1314,2.25,4156.0,36,10000734.SH,0.0013,2.548,2.403,0.0,put,-1.0,0.1212057924554348,0.94,-1.0,2017-06-13,0.0002454012688953,2,0.0657326666168559,0.8144978621926124
44,1344,2017-05-23,2.55,3385.0,36,10000813.SH,0.0016,2.548,2.403,0.0,call,-1.0,0.1080422324478626,1.06,1315,2.25,7626.0,36,10000822.SH,0.0014,2.548,2.403,0.0,put,-1.0,0.1228697148870229,0.94,-1.0,2017-06-13,0.0002454012688953,2,0.0657326666168559,0.8144978621926124
45,1349,2017-05-24,2.55,3657.0,35,10000813.SH,0.0017,2.548,2.399,0.0,call,-1.0,0.1136011972587108,1.06,1323,2.25,3322.0,35,10000734.SH,0.0014,2.548,2.399,0.0,put,-1.0,0.1220478864557743,0.94,-1.0,2017-06-13,0.0002454012688953,2,0.0657326666168559,0.8144978621926124
46,1349,2017-05-24,2.55,3657.0,35,10000813.SH,0.0017,2.548,2.399,0.0,call,-1.0,0.1136011972587108,1.06,1324,2.25,5536.0,35,10000822.SH,0.0012,2.548,2.399,0.0,put,-1.0,0.1186458934515714,0.94,-1.0,2017-06-13,0.0002454012688953,2,0.0657326666168559,0.8144978621926124
47,1363,2017-06-06,2.6,4099.0,50,10000919.SH,0.0076,2.677,2.457,0.0,call,0.0474023468363731,0.1271385974113941,1.06,1390,2.3,4113.0,50,10000906.SH,0.0037,2.677,2.457,0.0,put,-1.0,0.1288094339783191,0.94,2.1626225923483138,2017-07-13,0.0003054523240906,2,0.1046252549010674,2.391864541485956
48,1459,2017-08-15,2.8,12356.0,43,10000965.SH,0.0092,2.7110000000000003,2.651,0.0,call,-1.0,0.1394884352153539,1.06,1609,2.5,7890.0,43,10000856.SH,0.0056,2.7110000000000003,2.651,0.0,put,-1.0,0.1380346786561608,0.94,-1.0,2017-09-13,0.0002455124228985,0,0.0,0.0
49,1467,2017-08-17,2.8,13478.0,41,10000965.SH,0.0091,2.7110000000000003,2.652,0.0,call,-1.0,0.1418738119065761,1.06,1627,2.5,5921.0,41,10000856.SH,0.0043,2.7110000000000003,2.652,0.0,put,-1.0,0.1324802437960505,0.94,-1.0,2017-09-13,0.0002455124228985,0,0.0,0.0
50,1586,2017-11-14,3.1,25297.0,43,10001053.SH,0.0059,2.834,2.9130000000000003,0.0,call,-1.0,0.1313195035240649,1.06,1951,2.75,7416.0,43,10000960.SH,0.0037,2.834,2.9130000000000003,0.0,put,-1.0,0.1200005871406793,0.94,-1.0,2017-12-21,0.0004542811402133,0,0.0,0.0
51,1591,2017-11-16,3.1,17279.0,41,10001053.SH,0.008,2.834,2.932,0.0,call,-1.0,0.1347164897406101,1.06,1980,2.75,9159.0,41,10000960.SH,0.0026,2.834,2.932,0.0,put,-1.0,0.1229357568004131,0.94,-1.0,2017-12-21,0.0004542811402133,0,0.0,0.0
52,1621,2017-11-30,3.04,55307.0,27,10001053.SH,0.0125,2.834,2.858,0.0,call,-1.0,0.2088915720530748,1.06,2142,2.7,20236.0,27,10000960.SH,0.0088,2.834,2.858,0.0,put,-1.0,0.1874290230843424,0.94,-1.0,2017-12-21,0.0004542811402133,0,0.0,0.0
53,1705,2017-12-19,3.04,10761.0,36,10001075.SH,0.0122,3.172,2.87,0.0,call,0.068385953294884,0.1696955772467851,1.06,2199,2.7,4360.0,36,10001136.SH,0.0057,3.172,2.87,0.0,put,-1.0,0.1519665421507358,0.94,4.285678578337261,2018-01-23,0.0003423232260527,0,0.0,0.0
54,1711,2017-12-20,3.04,5081.0,35,10001075.SH,0.0121,3.172,2.8760000000000003,0.0,call,0.0706588266747545,0.1673571689921617,1.06,2204,2.7,3279.0,35,10001136.SH,0.0058,3.172,2.8760000000000003,0.0,put,-1.0,0.158426609530747,0.94,4.543202850093025,2018-01-23,0.0003423232260527,0,0.0,0.0
55,1723,2017-12-22,3.04,9975.0,33,10001075.SH,0.0143,3.172,2.878,0.0,call,0.0696695502699593,0.1812876019759774,1.06,2214,2.7,2631.0,33,10001136.SH,0.0028,3.172,2.878,0.0,put,-1.0,0.1384658584408759,0.94,5.410456064716958,2018-01-23,0.0003423232260527,0,0.0,0.0
56,1729,2017-12-25,3.04,19438.0,30,10001075.SH,0.0129,3.172,2.8760000000000003,0.0,call,0.0806029298125596,0.1854483617287874,1.06,2219,2.7,4882.0,30,10001136.SH,0.0031,3.172,2.8760000000000003,0.0,put,-1.0,0.146884652678132,0.94,7.250000000000007,2018-01-23,0.0003423232260527,0,0.0,0.0
57,1757,2017-12-29,3.04,17235.0,26,10001075.SH,0.0063,3.172,2.858,0.0,call,0.1241303375580404,0.1739501546635627,1.06,2235,2.7,13618.0,26,10001136.SH,0.0021,3.172,2.858,0.0,put,-1.0,0.1337787899378537,0.94,23.007115128079956,2018-01-23,0.0003423232260527,0,0.0,0.0
58,1845,2018-02-07,3.2,38756.0,49,10001175.SH,0.05,2.688,3.023,0.0,call,-1.0,0.2527504060864001,1.06,2422,2.85,6851.0,49,10001010.SH,0.03,2.688,3.023,0.0,put,0.0350153993181439,0.220196004515022,0.94,0.5403065411647068,2018-03-01,0.0008721553590375,2,0.127665092067798,3.626491440544421
59,1845,2018-02-07,3.2,38756.0,49,10001175.SH,0.05,2.688,3.023,0.0,call,-1.0,0.2527504060864001,1.06,2423,2.85,13753.0,49,10001111.SH,0.03,2.688,3.023,0.0,put,0.0350153993181439,0.220196004515022,0.94,0.5403065411647068,2018-03-01,0.0008721553590375,2,0.127665092067798,3.626491440544421
60,1908,2018-02-14,3.04,2683.0,42,10001055.SH,0.04,2.688,2.866,0.0,call,-1.0,0.2563781515698135,1.06,2484,2.7,2211.0,42,10000977.SH,0.04,2.688,2.866,0.0,put,-0.0282590468540022,0.2781719829885661,0.94,-0.7420748115842272,2018-03-01,0.0008721553590375,2,0.127665092067798,3.626491440544421
61,1908,2018-02-14,3.04,2683.0,42,10001055.SH,0.04,2.688,2.866,0.0,call,-1.0,0.2563781515698135,1.06,2485,2.7,3076.0,42,10001138.SH,0.04,2.688,2.866,0.0,put,-0.0282590468540022,0.2781719829885661,0.94,-0.7420748115842272,2018-03-01,0.0008721553590375,2,0.127665092067798,3.626491440544421
62,1922,2018-02-22,3.1,13208.0,34,10001164.SH,0.03,2.688,2.925,0.0,call,-1.0,0.2465262835747599,1.06,2501,2.75,2427.0,34,10000978.SH,0.03,2.688,2.925,0.0,put,0.021580653733914,0.272661834357381,0.94,0.0293547983625848,2018-03-01,0.0008721553590375,2,0.127665092067798,3.626491440544421
63,1922,2018-02-22,3.1,13208.0,34,10001164.SH,0.03,2.688,2.925,0.0,call,-1.0,0.2465262835747599,1.06,2502,2.75,12348.0,34,10001130.SH,0.03,2.688,2.925,0.0,put,0.021580653733914,0.272661834357381,0.94,0.0293547983625848,2018-03-01,0.0008721553590375,2,0.127665092067798,3.626491440544421
64,1939,2018-02-26,3.14,7370.0,30,10001063.SH,0.02,2.688,2.965,0.0,call,-1.0,0.2197700103318094,1.06,2537,2.8,2903.0,30,10000986.SH,0.02,2.688,2.965,0.0,put,0.0591064206972939,0.233809162133336,0.94,1.7999999999999914,2018-03-01,0.0008721553590375,2,0.127665092067798,3.626491440544421
65,1939,2018-02-26,3.14,7370.0,30,10001063.SH,0.02,2.688,2.965,0.0,call,-1.0,0.2197700103318094,1.06,2538,2.8,19434.0,30,10001110.SH,0.02,2.688,2.965,0.0,put,0.0591064206972939,0.233809162133336,0.94,1.7999999999999914,2018-03-01,0.0008721553590375,2,0.127665092067798,3.626491440544421
66,1951,2018-02-27,3.1,18700.0,29,10001164.SH,0.02,2.688,2.92,0.0,call,-1.0,0.231022765592575,1.06,2554,2.75,3721.0,29,10000978.SH,0.02,2.688,2.92,0.0,put,0.0397849011176849,0.2459223100112378,0.94,0.5736018597383328,2018-03-01,0.0008721553590375,2,0.127665092067798,3.626491440544421
67,1951,2018-02-27,3.1,18700.0,29,10001164.SH,0.02,2.688,2.92,0.0,call,-1.0,0.231022765592575,1.06,2555,2.75,14126.0,29,10001130.SH,0.02,2.688,2.92,0.0,put,0.0397849011176849,0.2459223100112378,0.94,0.5736018597383328,2018-03-01,0.0008721553590375,2,0.127665092067798,3.626491440544421
68,1959,2018-02-28,3.04,10617.0,28,10001055.SH,0.02,2.688,2.8710000000000004,0.0,call,-1.0,0.2302797344623208,1.06,2569,2.7,8673.0,28,10000977.SH,0.02,2.688,2.8710000000000004,0.0,put,-0.0180783620932375,0.2553854367074369,0.94,-0.7247211958921429,2018-03-01,0.0008721553590375,2,0.127665092067798,3.626491440544421
69,1959,2018-02-28,3.04,10617.0,28,10001055.SH,0.02,2.688,2.8710000000000004,0.0,call,-1.0,0.2302797344623208,1.06,2570,2.7,20831.0,28,10001138.SH,0.02,2.688,2.8710000000000004,0.0,put,-0.0180783620932375,0.2553854367074369,0.94,-0.7247211958921429,2018-03-01,0.0008721553590375,2,0.127665092067798,3.626491440544421
70,2112,2018-04-10,2.95,5451.0,43,10001301.SH,0.03,2.672,2.775,0.0,call,-1.0,0.2297361403737664,1.06,2703,2.6,3324.0,43,10001294.SH,0.03,2.672,2.775,0.0,put,-1.0,0.2570113909992874,0.94,-1.0,2018-05-08,0.0005294581375919,3,0.1219992564017418,3.234845278054195
71,2115,2018-04-11,2.95,5507.0,42,10001301.SH,0.03,2.672,2.775,0.0,call,-1.0,0.2325930491740405,1.06,2709,2.6,5843.0,42,10001294.SH,0.03,2.672,2.775,0.0,put,-1.0,0.2599105594715774,0.94,-1.0,2018-05-08,0.0005294581375919,3,0.1219992564017418,3.234845278054195
72,2444,2018-05-25,2.8,4204.0,33,10001028.SH,0.0141,2.465,2.654,0.0,call,-1.0,0.1830092812794744,1.06,2859,2.5,15334.0,33,10001280.SH,0.0071,2.465,2.654,0.0,put,0.0495284923479173,0.1691686724504233,0.94,0.5773873315664744,2018-06-07,0.0003349285302754,0,0.0,0.0
73,2445,2018-05-25,2.8,39449.0,33,10001115.SH,0.0141,2.465,2.654,0.0,call,-1.0,0.1830092812794744,1.06,2859,2.5,15334.0,33,10001280.SH,0.0071,2.465,2.654,0.0,put,0.0495284923479173,0.1691686724504233,0.94,0.5773873315664744,2018-06-07,0.0003349285302754,0,0.0,0.0
74,2508,2018-05-30,2.75,6971.0,28,10001027.SH,0.02,2.465,2.6010000000000004,0.0,call,-1.0,0.2356356859545708,1.06,2873,2.45,42488.0,28,10001310.SH,0.0131,2.465,2.6010000000000004,0.0,put,-1.0,0.2233045639997124,0.94,-1.0,2018-06-07,0.0003349285302754,0,0.0,0.0
75,2509,2018-05-30,2.75,50950.0,28,10001131.SH,0.02,2.465,2.6010000000000004,0.0,call,-1.0,0.2356356859545708,1.06,2873,2.45,42488.0,28,10001310.SH,0.0131,2.465,2.6010000000000004,0.0,put,-1.0,0.2233045639997124,0.94,-1.0,2018-06-07,0.0003349285302754,0,0.0,0.0
76,2532,2018-05-31,2.8,9437.0,27,10001028.SH,0.0135,2.465,2.651,0.0,call,-1.0,0.2029148981004953,1.06,2876,2.5,39279.0,27,10001280.SH,0.0112,2.465,2.651,0.0,put,0.0431044029843874,0.2114289405124784,0.94,0.4729571103391385,2018-06-07,0.0003349285302754,0,0.0,0.0
77,2533,2018-05-31,2.8,34611.0,27,10001115.SH,0.0123,2.465,2.651,0.0,call,-1.0,0.1963731723979711,1.06,2876,2.5,39279.0,27,10001280.SH,0.0112,2.465,2.651,0.0,put,0.0431044029843874,0.2114289405124784,0.94,0.5567627256978354,2018-06-07,0.0003349285302754,0,0.0,0.0
78,2586,2018-06-08,2.8,5352.0,47,10001342.SH,0.02,2.609,2.652,0.0,call,-1.0,0.1753161136249005,1.06,2903,2.5,3696.0,47,10001345.SH,0.02,2.609,2.652,0.0,put,-1.0,0.2008556182577908,0.94,-1.0,2018-07-10,0.0007350456924153,2,0.1091984206425279,2.557839089541662
79,2630,2018-06-22,2.75,14579.0,33,10001341.SH,0.014,2.609,2.5980000000000003,0.0,call,-1.0,0.1912933094822764,1.06,2948,2.45,12394.0,33,10001344.SH,0.0143,2.609,2.5980000000000003,0.0,put,-1.0,0.2103028901264071,0.94,-1.0,2018-07-10,0.0007350456924153,2,0.1091984206425279,2.557839089541662
80,2636,2018-06-25,2.7,35783.0,30,10001340.SH,0.02,2.609,2.548,0.0,call,-1.0,0.2347661738313436,1.06,2954,2.4,18273.0,30,10001356.SH,0.0128,2.609,2.548,0.0,put,-1.0,0.2159098962569237,0.94,-1.0,2018-07-10,0.0007350456924153,2,0.1091984206425279,2.557839089541662
81,2668,2018-06-29,2.65,44520.0,26,10001339.SH,0.0122,2.609,2.495,0.0,call,-1.0,0.2175613017193675,1.06,2968,2.35,44904.0,26,10001366.SH,0.0122,2.609,2.495,0.0,put,-1.0,0.2292355808172225,0.94,-1.0,2018-07-10,0.0007350456924153,2,0.1091984206425279,2.557839089541662
82,2700,2018-07-09,2.65,5652.0,44,10001393.SH,0.02,2.499,2.496,0.0,call,-1.0,0.1975876760326624,1.06,2989,2.35,8011.0,44,10001396.SH,0.03,2.499,2.496,0.0,put,-1.0,0.2552007816102504,0.94,-1.0,2018-08-09,0.0006865537748507,5,0.1343022696545915,3.903352858449296
83,2704,2018-07-10,2.65,5959.0,43,10001393.SH,0.02,2.499,2.4930000000000003,0.0,call,-1.0,0.2025625156167745,1.06,2995,2.35,6744.0,43,10001396.SH,0.03,2.499,2.4930000000000003,0.0,put,-1.0,0.2553719064598381,0.94,-1.0,2018-08-09,0.0006865537748507,5,0.1343022696545915,3.903352858449296
84,2708,2018-07-11,2.6,6218.0,42,10001392.SH,0.03,2.499,2.454,0.0,call,-1.0,0.2382331954704821,1.06,3000,2.3,5326.0,42,10001395.SH,0.03,2.499,2.454,0.0,put,-1.0,0.2734709670056403,0.94,-1.0,2018-08-09,0.0006865537748507,5,0.1343022696545915,3.903352858449296
85,2713,2018-07-12,2.65,10322.0,41,10001393.SH,0.03,2.499,2.505,0.0,call,-1.0,0.2355055094754696,1.06,3006,2.35,8439.0,41,10001396.SH,0.03,2.499,2.505,0.0,put,-1.0,0.2719371018439234,0.94,-1.0,2018-08-09,0.0006865537748507,5,0.1343022696545915,3.903352858449296
86,2717,2018-07-13,2.65,3701.0,40,10001393.SH,0.03,2.499,2.509,0.0,call,-1.0,0.2346985821979642,1.06,3012,2.35,2950.0,40,10001396.SH,0.02,2.499,2.509,0.0,put,-1.0,0.2356660247035921,0.94,-1.0,2018-08-09,0.0006865537748507,5,0.1343022696545915,3.903352858449296
87,2721,2018-07-16,2.65,7065.0,37,10001393.SH,0.02,2.499,2.49,0.0,call,-1.0,0.2219569036551713,1.06,3018,2.35,8983.0,37,10001396.SH,0.03,2.499,2.49,0.0,put,-1.0,0.2714962065069675,0.94,-1.0,2018-08-09,0.0006865537748507,5,0.1343022696545915,3.903352858449296
88,2738,2018-07-20,2.7,38020.0,33,10001403.SH,0.0126,2.499,2.54,0.0,call,-1.0,0.1948657716853022,1.06,3042,2.4,52182.0,33,10001397.SH,0.02,2.499,2.54,0.0,put,-1.0,0.2360074399381578,0.94,-1.0,2018-08-09,0.0006865537748507,5,0.1343022696545915,3.903352858449296
89,2786,2018-08-08,2.65,4848.0,49,10001242.SH,0.04,2.638,2.494,0.0,call,-1.0,0.2570129407192768,1.06,3094,2.35,5308.0,49,10001368.SH,0.03,2.638,2.494,0.0,put,-1.0,0.2408710573107302,0.94,-1.0,2018-09-10,0.0006836549510873,6,0.1578245310177797,5.47590909110492
90,2803,2018-08-09,2.7,8500.0,48,10001243.SH,0.04,2.638,2.551,0.0,call,-1.0,0.2483240183669626,1.06,3100,2.4,9579.0,48,10001358.SH,0.03,2.638,2.551,0.0,put,-1.0,0.2441034751853347,0.94,-1.0,2018-09-10,0.0006836549510873,6,0.1578245310177797,5.47590909110492
91,2818,2018-08-10,2.7,5383.0,47,10001243.SH,0.04,2.638,2.551,0.0,call,-1.0,0.2510934275924564,1.06,3107,2.4,5301.0,47,10001358.SH,0.03,2.638,2.551,0.0,put,-1.0,0.246548277677685,0.94,-1.0,2018-09-10,0.0006836549510873,6,0.1578245310177797,5.47590909110492
92,2862,2018-08-15,2.6,22872.0,42,10001241.SH,0.03,2.638,2.454,0.0,call,0.0056441729011809,0.2382331954704821,1.06,3127,2.3,24490.0,42,10001376.SH,0.03,2.638,2.454,0.0,put,-1.0,0.2734709670056403,0.94,-0.2783795723325742,2018-09-10,0.0006836549510873,6,0.1578245310177797,5.47590909110492
93,2879,2018-08-16,2.6,31182.0,41,10001241.SH,0.03,2.638,2.4530000000000003,0.0,call,0.0057822328981282,0.2422402349212765,1.06,3132,2.3,31621.0,41,10001376.SH,0.02,2.638,2.4530000000000003,0.0,put,-1.0,0.2326668992919922,0.94,-0.18193006266899,2018-09-10,0.0006836549510873,6,0.1578245310177797,5.47590909110492
94,2913,2018-08-20,2.6,44342.0,37,10001241.SH,0.03,2.638,2.458,0.0,call,0.006409338358063,0.2504697249013782,1.06,3142,2.3,43612.0,37,10001376.SH,0.02,2.638,2.458,0.0,put,-1.0,0.248763542797774,0.94,-0.1994980906726937,2018-09-10,0.0006836549510873,6,0.1578245310177797,5.47590909110492
95,2931,2018-08-21,2.65,41244.0,36,10001242.SH,0.02,2.638,2.496,0.0,call,-1.0,0.2195768317746818,1.06,3147,2.35,38420.0,36,10001368.SH,0.02,2.638,2.496,0.0,put,-1.0,0.2363594647941887,0.94,-1.0,2018-09-10,0.0006836549510873,6,0.1578245310177797,5.47590909110492
96,2947,2018-08-22,2.65,34007.0,35,10001242.SH,0.02,2.638,2.499,0.0,call,-1.0,0.2199950773579478,1.06,3153,2.35,35105.0,35,10001368.SH,0.02,2.638,2.499,0.0,put,-1.0,0.2422715869487523,0.94,-1.0,2018-09-10,0.0006836549510873,6,0.1578245310177797,5.47590909110492
97,2963,2018-08-23,2.65,73376.0,34,10001242.SH,0.02,2.638,2.509,0.0,call,-1.0,0.2136961808568239,1.06,3159,2.35,63514.0,34,10001368.SH,0.02,2.638,2.509,0.0,put,-1.0,0.254721560505867,0.94,-1.0,2018-09-10,0.0006836549510873,6,0.1578245310177797,5.47590909110492
98,3026,2018-08-29,2.7,26114.0,28,10001243.SH,0.0141,2.638,2.553,0.0,call,-1.0,0.2081783432303071,1.06,3185,2.4,30745.0,28,10001358.SH,0.02,2.638,2.553,0.0,put,-1.0,0.2682829217137694,0.94,-1.0,2018-09-10,0.0006836549510873,6,0.1578245310177797,5.47590909110492
99,3060,2018-09-04,2.7,5863.0,50,10001451.SH,0.03,2.525,2.55,0.0,call,-1.0,0.2121537326305509,1.06,3205,2.4,4501.0,50,10001454.SH,0.03,2.525,2.55,0.0,put,-1.0,0.2386507257983684,0.94,-1.0,2018-10-18,0.0006445749563185,3,0.1394703594141905,4.337915533414168
100,3074,2018-09-07,2.65,11433.0,47,10001450.SH,0.03,2.525,2.491,0.0,call,-1.0,0.2315952083147764,1.06,3217,2.35,16238.0,47,10001453.SH,0.03,2.525,2.491,0.0,put,-1.0,0.2431376420043111,0.94,-1.0,2018-10-18,0.0006445749563185,3,0.1394703594141905,4.337915533414168
101,3084,2018-09-11,2.6,10749.0,43,10001449.SH,0.03,2.525,2.449,0.0,call,-1.0,0.240059123245567,1.06,3226,2.3,11745.0,43,10001452.SH,0.02,2.525,2.449,0.0,put,-1.0,0.2241589365507364,0.94,-1.0,2018-10-18,0.0006445749563185,3,0.1394703594141905,4.337915533414168
102,3106,2018-09-17,2.6,20235.0,37,10001449.SH,0.02,2.525,2.452,0.0,call,-1.0,0.2151995284556746,1.06,3244,2.3,15906.0,37,10001452.SH,0.0133,2.525,2.452,0.0,put,-1.0,0.2094185364540517,0.94,-1.0,2018-10-18,0.0006445749563185,3,0.1394703594141905,4.337915533414168
103,3121,2018-09-20,2.7,19140.0,34,10001451.SH,0.0098,2.525,2.541,0.0,call,-1.0,0.175786334432423,1.06,3261,2.4,25837.0,34,10001454.SH,0.0121,2.525,2.541,0.0,put,-1.0,0.1937064619240761,0.94,-1.0,2018-10-18,0.0006445749563185,3,0.1394703594141905,4.337915533414168
104,3127,2018-09-25,2.75,55238.0,29,10001461.SH,0.0142,2.525,2.6,0.0,call,-1.0,0.2038320343110859,1.06,3276,2.45,54464.0,29,10001455.SH,0.0115,2.525,2.6,0.0,put,-1.0,0.2092302454753518,0.94,-1.0,2018-10-18,0.0006445749563185,3,0.1394703594141905,4.337915533414168
105,3144,2018-10-09,2.7,5228.0,50,10001476.SH,0.04,2.466,2.545,0.0,call,-1.0,0.2484108622909784,1.06,3307,2.4,8843.0,50,10001492.SH,0.03,2.466,2.545,0.0,put,-1.0,0.2346846943226754,0.94,-1.0,2018-11-19,0.0008629893810428,10,0.158940427737492,5.663918317287465
106,3150,2018-10-10,2.7,10159.0,49,10001476.SH,0.04,2.466,2.545,0.0,call,-1.0,0.2510704202110768,1.06,3311,2.4,9521.0,49,10001492.SH,0.03,2.466,2.545,0.0,put,-1.0,0.2369308942379355,0.94,-1.0,2018-11-19,0.0008629893810428,10,0.158940427737492,5.663918317287465
107,3164,2018-10-12,2.65,11620.0,47,10001475.SH,0.04,2.466,2.494,0.0,call,-1.0,0.262704585403055,1.06,3315,2.35,15862.0,47,10001491.SH,0.04,2.466,2.494,0.0,put,-1.0,0.2816645154029131,0.94,-1.0,2018-11-19,0.0008629893810428,10,0.158940427737492,5.663918317287465
108,3200,2018-10-19,2.65,33176.0,40,10001475.SH,0.04,2.466,2.491,0.0,call,-1.0,0.2888757201408147,1.06,3339,2.35,48318.0,40,10001491.SH,0.03,2.466,2.491,0.0,put,-1.0,0.2624907836491466,0.94,-1.0,2018-11-19,0.0008629893810428,10,0.158940427737492,5.663918317287465
109,3207,2018-10-22,2.75,58935.0,37,10001477.SH,0.04,2.466,2.599,0.0,call,-1.0,0.2811943542000055,1.06,3344,2.45,59417.0,37,10001480.SH,0.03,2.466,2.599,0.0,put,-1.0,0.2691420030293762,0.94,-1.0,2018-11-19,0.0008629893810428,10,0.158940427737492,5.663918317287465
110,3212,2018-10-23,2.65,82285.0,36,10001475.SH,0.05,2.466,2.511,0.0,call,-1.0,0.319574242618084,1.06,3353,2.35,35865.0,36,10001491.SH,0.02,2.466,2.511,0.0,put,-1.0,0.2495786955121458,0.94,-1.0,2018-11-19,0.0008629893810428,10,0.158940427737492,5.663918317287465
111,3254,2018-10-31,2.65,62027.0,28,10001475.SH,0.03,2.466,2.496,0.0,call,-1.0,0.297599511192888,1.06,3389,2.35,52712.0,28,10001491.SH,0.03,2.466,2.496,0.0,put,-1.0,0.3170173238449693,0.94,-1.0,2018-11-19,0.0008629893810428,10,0.158940427737492,5.663918317287465
112,3261,2018-11-01,2.65,70068.0,27,10001475.SH,0.03,2.466,2.507,0.0,call,-1.0,0.2903497422690987,1.06,3395,2.35,49783.0,27,10001491.SH,0.03,2.466,2.507,0.0,put,-1.0,0.3347301464857458,0.94,-1.0,2018-12-19,0.0003337093912386,1,0.1011614193174647,2.149133698658898
113,3268,2018-11-02,2.75,54137.0,26,10001477.SH,0.02,2.466,2.594,0.0,call,-1.0,0.2522422469414472,1.06,3400,2.45,114474.0,26,10001480.SH,0.03,2.466,2.594,0.0,put,-1.0,0.3135798064902424,0.94,-1.0,2018-12-19,0.0003337093912386,1,0.1011614193174647,2.149133698658898
114,3273,2018-11-06,2.7,5211.0,50,10001317.SH,0.06,2.275,2.546,0.0,call,-1.0,0.3075837014331817,1.06,3410,2.4,4526.0,50,10001360.SH,0.05,2.275,2.546,0.0,put,0.0184947628383504,0.3024628901470004,0.94,0.079718137098665,2018-12-19,0.0003337093912386,1,0.1011614193174647,2.149133698658898
115,3306,2018-11-12,2.65,4283.0,44,10001316.SH,0.06,2.275,2.49,0.0,call,-1.0,0.3416831440315843,1.06,3437,2.35,4045.0,44,10001370.SH,0.05,2.275,2.49,0.0,put,0.0092577059987908,0.3222814842301607,0.94,-0.229820043025332,2018-12-19,0.0003337093912386,1,0.1011614193174647,2.149133698658898
116,3315,2018-11-13,2.65,8664.0,43,10001316.SH,0.06,2.275,2.509,0.0,call,-1.0,0.3254236011130809,1.06,3443,2.35,6825.0,43,10001370.SH,0.04,2.275,2.509,0.0,put,0.0147261833828249,0.3075280903274118,0.94,-0.1818490489275156,2018-12-19,0.0003337093912386,1,0.1011614193174647,2.149133698658898
117,3333,2018-11-15,2.65,7440.0,41,10001316.SH,0.05,2.275,2.505,0.0,call,-1.0,0.3050449620676339,1.06,3455,2.35,7333.0,41,10001370.SH,0.04,2.275,2.505,0.0,put,0.0154500553679359,0.3109253149624169,0.94,-0.1248902895967085,2018-12-19,0.0003337093912386,1,0.1011614193174647,2.149133698658898
118,3342,2018-11-16,2.65,8544.0,40,10001316.SH,0.05,2.275,2.507,0.0,call,-1.0,0.3068434121152162,1.06,3461,2.35,9682.0,40,10001370.SH,0.03,2.275,2.507,0.0,put,0.0231716546977176,0.2769522937523723,0.94,-0.0472510972100956,2018-12-19,0.0003337093912386,1,0.1011614193174647,2.149133698658898
119,3351,2018-11-19,2.7,10270.0,37,10001317.SH,0.04,2.275,2.54,0.0,call,-1.0,0.2960007366054653,1.06,3467,2.4,10098.0,37,10001360.SH,0.04,2.275,2.54,0.0,put,0.031274608497249,0.3055852182977496,0.94,0.4359898574393313,2018-12-19,0.0003337093912386,1,0.1011614193174647,2.149133698658898
120,3359,2018-11-20,2.65,14419.0,36,10001316.SH,0.04,2.275,2.498,0.0,call,-1.0,0.2976343798926472,1.06,3474,2.35,13571.0,36,10001370.SH,0.03,2.275,2.498,0.0,put,0.0257792014560649,0.2827731612414121,0.94,0.0591789786600704,2018-12-19,0.0003337093912386,1,0.1011614193174647,2.149133698658898
121,3368,2018-11-21,2.65,13847.0,35,10001316.SH,0.03,2.275,2.497,0.0,call,-1.0,0.2640743590597511,1.06,3480,2.35,11494.0,35,10001370.SH,0.03,2.275,2.497,0.0,put,0.0265254346442262,0.2856533754461406,0.94,0.2107813574087493,2018-12-19,0.0003337093912386,1,0.1011614193174647,2.149133698658898
122,3386,2018-11-23,2.6,24410.0,33,10001315.SH,0.03,2.275,2.442,0.0,call,-1.0,0.2831697703494429,1.06,3492,2.3,20010.0,33,10001378.SH,0.02,2.275,2.442,0.0,put,0.0067848392348506,0.2476834475698471,0.94,-0.4674794552800203,2018-12-19,0.0003337093912386,1,0.1011614193174647,2.149133698658898
123,3396,2018-11-26,2.6,31989.0,30,10001315.SH,0.03,2.275,2.45,0.0,call,-1.0,0.2884472821683883,1.06,3497,2.3,22546.0,30,10001378.SH,0.02,2.275,2.45,0.0,put,0.0074658498937647,0.2672729811176657,0.94,-0.5000000000000018,2018-12-19,0.0003337093912386,1,0.1011614193174647,2.149133698658898
124,3425,2018-11-29,2.6,54467.0,27,10001315.SH,0.02,2.275,2.4530000000000003,0.0,call,-1.0,0.2524640953183771,1.06,3513,2.3,32636.0,27,10001378.SH,0.0115,2.275,2.4530000000000003,0.0,put,0.0291778972529437,0.2328126921802163,0.94,-0.2264699815079727,2018-12-19,0.0003337093912386,1,0.1011614193174647,2.149133698658898
125,3446,2018-12-04,2.65,5005.0,50,10001569.SH,0.02,2.392,2.49,0.0,call,-1.0,0.1893800609462559,1.06,3527,2.35,1517.0,50,10001537.SH,0.02,2.392,2.49,0.0,put,-1.0,0.19774789323771,0.94,-1.0,2019-01-22,0.0004467777538745,5,0.1250253336530571,3.329584455262915
126,3446,2018-12-04,2.65,5005.0,50,10001569.SH,0.02,2.392,2.49,0.0,call,-1.0,0.1893800609462559,1.06,3528,2.35,4571.0,50,10001572.SH,0.02,2.392,2.49,0.0,put,-1.0,0.19774789323771,0.94,-1.0,2019-01-22,0.0004467777538745,5,0.1250253336530571,3.329584455262915
127,3498,2018-12-13,2.6,3677.0,41,10001533.SH,0.02,2.392,2.4530000000000003,0.0,call,-1.0,0.2029990598168373,1.06,3594,2.3,2014.0,41,10001536.SH,0.0116,2.392,2.4530000000000003,0.0,put,-1.0,0.1911948426583409,0.94,-1.0,2019-01-22,0.0004467777538745,5,0.1250253336530571,3.329584455262915
128,3498,2018-12-13,2.6,3677.0,41,10001533.SH,0.02,2.392,2.4530000000000003,0.0,call,-1.0,0.2029990598168373,1.06,3595,2.3,13821.0,41,10001571.SH,0.0112,2.392,2.4530000000000003,0.0,put,-1.0,0.1890015120365619,0.94,-1.0,2019-01-22,0.0004467777538745,5,0.1250253336530571,3.329584455262915
129,3499,2018-12-13,2.6,10835.0,41,10001568.SH,0.02,2.392,2.4530000000000003,0.0,call,-1.0,0.2029990598168373,1.06,3594,2.3,2014.0,41,10001536.SH,0.0116,2.392,2.4530000000000003,0.0,put,-1.0,0.1911948426583409,0.94,-1.0,2019-01-22,0.0004467777538745,5,0.1250253336530571,3.329584455262915
130,3499,2018-12-13,2.6,10835.0,41,10001568.SH,0.02,2.392,2.4530000000000003,0.0,call,-1.0,0.2029990598168373,1.06,3595,2.3,13821.0,41,10001571.SH,0.0112,2.392,2.4530000000000003,0.0,put,-1.0,0.1890015120365619,0.94,-1.0,2019-01-22,0.0004467777538745,5,0.1250253336530571,3.329584455262915
131,3674,2019-01-22,2.55,36066.0,36,10001673.SH,0.0081,2.736,2.396,0.0,call,0.0909537294104645,0.1667924748699069,1.06,3743,2.25,27564.0,36,10001659.SH,0.008,2.736,2.396,0.0,put,-1.0,0.1793348355802297,0.94,6.683738158299542,2019-02-28,0.0006324023768027,4,0.1001695406731949,2.087127147112964
132,3682,2019-01-24,2.55,38245.0,34,10001673.SH,0.0051,2.736,2.403,0.0,call,0.1115768492699711,0.1453392242211103,1.06,3757,2.25,57573.0,34,10001659.SH,0.0039,2.736,2.403,0.0,put,-1.0,0.1567833102959394,0.94,13.472139381417364,2019-02-28,0.0006324023768027,4,0.1001695406731949,2.087127147112964
133,3693,2019-01-29,2.6,31426.0,29,10001675.SH,0.0055,2.736,2.448,0.0,call,0.1169675578213624,0.1621811042279005,1.06,3781,2.3,42356.0,29,10001660.SH,0.0072,2.736,2.448,0.0,put,-1.0,0.1904615866849422,0.94,10.620994545009252,2019-02-28,0.0006324023768027,4,0.1001695406731949,2.087127147112964
134,3817,2019-03-06,3.0,19222.0,49,10001769.SH,0.09,2.958,2.82,0.0,call,-1.0,0.3799404853612781,1.06,4139,2.65,4976.0,49,10001762.SH,0.06,2.958,2.82,0.0,put,-1.0,0.3263701820034682,0.94,-1.0,2019-04-01,0.0008738682509021,4,0.1494919151140093,4.983708717641585
135,3820,2019-03-07,2.95,7244.0,48,10001759.SH,0.09,2.958,2.773,0.0,call,-0.049174130773677,0.3880071951378881,1.06,4144,2.6,6342.0,48,10001761.SH,0.05,2.958,2.773,0.0,put,-1.0,0.3075566409379839,0.94,-0.8328519864765018,2019-04-01,0.0008738682509021,4,0.1494919151140093,4.983708717641585
136,3836,2019-03-12,2.85,11369.0,43,10001757.SH,0.07,2.958,2.701,0.0,call,0.0101355783075902,0.3387471399072408,1.06,4155,2.55,11688.0,43,10001760.SH,0.05,2.958,2.701,0.0,put,-1.0,0.311201582352817,0.94,-0.070870670795882,2019-04-01,0.0008738682509021,4,0.1494919151140093,4.983708717641585
137,3874,2019-03-22,2.95,15692.0,33,10001759.SH,0.05,2.958,2.777,0.0,call,-0.0540189781763922,0.3342860921041966,1.06,4198,2.6,18752.0,33,10001761.SH,0.03,2.958,2.777,0.0,put,-1.0,0.2935106942103505,0.94,-0.8767153260557933,2019-04-01,0.0008738682509021,4,0.1494919151140093,4.983708717641585
138,3902,2019-03-29,3.0,312957.0,26,10001769.SH,0.03,2.958,2.819,0.0,call,-1.0,0.2993385354393422,1.06,4222,2.65,108251.0,26,10001762.SH,0.02,2.958,2.819,0.0,put,-1.0,0.2676428277535737,0.94,-1.0,2019-04-01,0.0008738682509021,4,0.1494919151140093,4.983708717641585
139,3926,2019-04-11,3.1,19411.0,41,10001797.SH,0.06,2.709,2.912,0.0,call,-1.0,0.3260077859444321,1.06,4283,2.75,11168.0,41,10001787.SH,0.05,2.709,2.912,0.0,put,-0.0048285715837317,0.3054216632342636,0.94,-0.5142824630441691,2019-05-07,0.0008270788222047,2,0.1553932376929227,5.52982518563757
140,3951,2019-04-19,3.2,84011.0,33,10001805.SH,0.04,2.709,3.024,0.0,call,-1.0,0.2772632510286868,1.06,4339,2.85,28575.0,33,10001789.SH,0.03,2.709,3.024,0.0,put,0.048012835666741,0.2665497983241975,0.94,0.8900517804381165,2019-05-07,0.0008270788222047,2,0.1553932376929227,5.52982518563757
141,3969,2019-04-25,3.1,144508.0,27,10001797.SH,0.03,2.709,2.9130000000000003,0.0,call,-1.0,0.2894294470139146,1.06,4375,2.75,65645.0,27,10001787.SH,0.02,2.709,2.9130000000000003,0.0,put,0.0269432372854501,0.2484946067750155,0.94,-0.1978831977678783,2019-05-07,0.0008270788222047,2,0.1553932376929227,5.52982518563757
142,4009,2019-05-10,2.95,44693.0,47,10001737.SH,0.05,2.9160000000000004,2.777,0.0,call,-1.0,0.2781102326074541,1.06,4474,2.6,5339.0,47,10001516.SH,0.04,2.9160000000000004,2.777,0.0,put,-1.0,0.2817411669377684,0.94,-1.0,2019-06-06,0.00066780213862,2,0.2130374165588885,10.529616361361724
143,4009,2019-05-10,2.95,44693.0,47,10001737.SH,0.05,2.9160000000000004,2.777,0.0,call,-1.0,0.2781102326074541,1.06,4475,2.6,39796.0,47,10001613.SH,0.04,2.9160000000000004,2.777,0.0,put,-1.0,0.2817411669377684,0.94,-1.0,2019-06-06,0.00066780213862,2,0.2130374165588885,10.529616361361724
144,4017,2019-05-13,2.9,31524.0,44,10001736.SH,0.04,2.9160000000000004,2.725,0.0,call,-0.0206094508185317,0.2638562061689495,1.06,4499,2.55,1558.0,44,10001515.SH,0.03,2.9160000000000004,2.725,0.0,put,-1.0,0.2589257720229924,0.94,-0.6344308774431227,2019-06-06,0.00066780213862,2,0.2130374165588885,10.529616361361724
145,4017,2019-05-13,2.9,31524.0,44,10001736.SH,0.04,2.9160000000000004,2.725,0.0,call,-0.0206094508185317,0.2638562061689495,1.06,4500,2.55,17014.0,44,10001612.SH,0.03,2.9160000000000004,2.725,0.0,put,-1.0,0.2589257720229924,0.94,-0.6344308774431227,2019-06-06,0.00066780213862,2,0.2130374165588885,10.529616361361724
146,4043,2019-05-16,2.95,19945.0,41,10001737.SH,0.03,2.9160000000000004,2.774,0.0,call,-1.0,0.2363838430817127,1.06,4578,2.6,1033.0,41,10001516.SH,0.02,2.9160000000000004,2.774,0.0,put,-1.0,0.2227069681299924,0.94,-1.0,2019-06-06,0.00066780213862,2,0.2130374165588885,10.529616361361724
147,4043,2019-05-16,2.95,19945.0,41,10001737.SH,0.03,2.9160000000000004,2.774,0.0,call,-1.0,0.2363838430817127,1.06,4579,2.6,29328.0,41,10001613.SH,0.02,2.9160000000000004,2.774,0.0,put,-1.0,0.2227069681299924,0.94,-1.0,2019-06-06,0.00066780213862,2,0.2130374165588885,10.529616361361724
148,4061,2019-05-20,2.85,62269.0,37,10001735.SH,0.03,2.9160000000000004,2.699,0.0,call,0.0215383305787435,0.2357577562060356,1.06,4628,2.55,3457.0,37,10001515.SH,0.02,2.9160000000000004,2.699,0.0,put,-1.0,0.2183248368371725,0.94,0.252456488255999,2019-06-06,0.00066780213862,2,0.2130374165588885,10.529616361361724
149,4061,2019-05-20,2.85,62269.0,37,10001735.SH,0.03,2.9160000000000004,2.699,0.0,call,0.0215383305787435,0.2357577562060356,1.06,4629,2.55,41229.0,37,10001612.SH,0.02,2.9160000000000004,2.699,0.0,put,-1.0,0.2183248368371725,0.94,0.252456488255999,2019-06-06,0.00066780213862,2,0.2130374165588885,10.529616361361724
150,4211,2019-06-25,3.1,157824.0,29,10001877.SH,0.03,2.952,2.919,0.0,call,-1.0,0.2733649303956033,1.06,4953,2.75,82174.0,29,10001869.SH,0.02,2.952,2.919,0.0,put,-1.0,0.2450932694215774,0.94,-1.0,2019-07-09,0.0003974523759722,0,0.0,0.0
151,4216,2019-06-26,3.1,76523.0,28,10001877.SH,0.03,2.952,2.9160000000000004,0.0,call,-1.0,0.2812122355844974,1.06,4962,2.75,34891.0,28,10001869.SH,0.02,2.952,2.9160000000000004,0.0,put,-1.0,0.2467303697764277,0.94,-1.0,2019-07-09,0.0003974523759722,0,0.0,0.0
152,4228,2019-07-09,3.1,22516.0,50,10001890.SH,0.04,2.912,2.914,0.0,call,-1.0,0.2381796109216213,1.06,4984,2.75,9519.0,50,10001893.SH,0.03,2.912,2.914,0.0,put,-1.0,0.2194991073567569,0.94,-1.0,2019-08-08,0.0003024640882285,3,0.1211009608712136,3.206947674016942
153,4233,2019-07-10,3.1,20470.0,49,10001890.SH,0.03,2.912,2.912,0.0,call,-1.0,0.2127879853384793,1.06,4989,2.75,8872.0,49,10001893.SH,0.03,2.912,2.912,0.0,put,-1.0,0.2202165681071877,0.94,-1.0,2019-08-08,0.0003024640882285,3,0.1211009608712136,3.206947674016942
154,4238,2019-07-11,3.1,30625.0,48,10001890.SH,0.04,2.912,2.922,0.0,call,-1.0,0.2371980421222448,1.06,4994,2.75,11380.0,48,10001893.SH,0.03,2.912,2.922,0.0,put,-1.0,0.2292857679030298,0.94,-1.0,2019-08-08,0.0003024640882285,3,0.1211009608712136,3.206947674016942
155,4253,2019-07-16,3.1,28395.0,43,10001890.SH,0.04,2.912,2.925,0.0,call,-1.0,0.2488776260308324,1.06,5009,2.75,10952.0,43,10001893.SH,0.02,2.912,2.925,0.0,put,-1.0,0.2071661376588345,0.94,-1.0,2019-08-08,0.0003024640882285,3,0.1211009608712136,3.206947674016942
156,4258,2019-07-17,3.1,30280.0,42,10001890.SH,0.03,2.912,2.9160000000000004,0.0,call,-1.0,0.2276968280770778,1.06,5014,2.75,14602.0,42,10001893.SH,0.02,2.912,2.9160000000000004,0.0,put,-1.0,0.2033107919531465,0.94,-1.0,2019-08-08,0.0003024640882285,3,0.1211009608712136,3.206947674016942
157,4274,2019-07-22,3.1,81225.0,37,10001890.SH,0.03,2.912,2.922,0.0,call,-1.0,0.2383658157387971,1.06,5028,2.75,31272.0,37,10001893.SH,0.02,2.912,2.922,0.0,put,-1.0,0.2203072863311767,0.94,-1.0,2019-08-08,0.0003024640882285,3,0.1211009608712136,3.206947674016942
158,4279,2019-07-23,3.1,66490.0,36,10001890.SH,0.02,2.912,2.923,0.0,call,-1.0,0.2040628233802616,1.06,5033,2.75,25322.0,36,10001893.SH,0.0137,2.912,2.923,0.0,put,-1.0,0.1957283696731924,0.94,-1.0,2019-08-08,0.0003024640882285,3,0.1211009608712136,3.206947674016942
159,4311,2019-08-01,3.1,200010.0,27,10001890.SH,0.0102,2.912,2.935,0.0,call,-1.0,0.1784437465863823,1.06,5071,2.75,40562.0,27,10001893.SH,0.005,2.912,2.935,0.0,put,-1.0,0.1757649959802627,0.94,-1.0,2019-09-09,0.0002713087487408,0,0.0,0.0
160,4340,2019-08-08,3.0,20420.0,48,10001746.SH,0.02,2.977,2.8310000000000004,0.0,call,-1.0,0.1759224713730215,1.06,5112,2.65,12922.0,48,10001698.SH,0.02,2.977,2.8310000000000004,0.0,put,-1.0,0.2076146623865068,0.94,-1.0,2019-09-09,0.0002713087487408,0,0.0,0.0
161,4348,2019-08-09,3.0,27661.0,47,10001746.SH,0.02,2.977,2.82,0.0,call,-1.0,0.1856626999242305,1.06,5124,2.65,17318.0,47,10001698.SH,0.02,2.977,2.82,0.0,put,-1.0,0.2023620056920052,0.94,-1.0,2019-09-09,0.0002713087487408,0,0.0,0.0
162,4391,2019-08-19,3.1,58929.0,37,10001801.SH,0.02,2.977,2.927,0.0,call,-1.0,0.1980882355892061,1.06,5202,2.75,41955.0,37,10001710.SH,0.02,2.977,2.927,0.0,put,-1.0,0.2239454328199028,0.94,-1.0,2019-09-09,0.0002713087487408,0,0.0,0.0
163,4397,2019-08-20,3.1,35404.0,36,10001801.SH,0.02,2.977,2.9210000000000003,0.0,call,-1.0,0.2056111128588021,1.06,5216,2.75,31576.0,36,10001710.SH,0.02,2.977,2.9210000000000003,0.0,put,-1.0,0.2224629468362927,0.94,-1.0,2019-09-09,0.0002713087487408,0,0.0,0.0
164,4403,2019-08-21,3.1,25769.0,35,10001801.SH,0.0134,2.977,2.919,0.0,call,-1.0,0.1821577101453542,1.06,5230,2.75,20424.0,35,10001710.SH,0.0143,2.977,2.919,0.0,put,-1.0,0.198425180477649,0.94,-1.0,2019-09-09,0.0002713087487408,0,0.0,0.0
165,4409,2019-08-22,3.1,33876.0,34,10001801.SH,0.0136,2.977,2.923,0.0,call,-1.0,0.1829171921493411,1.06,5244,2.75,26553.0,34,10001710.SH,0.0126,2.977,2.923,0.0,put,-1.0,0.1956312141507864,0.94,-1.0,2019-09-09,0.0002713087487408,0,0.0,0.0
166,4420,2019-08-26,3.1,83677.0,30,10001801.SH,0.0117,2.977,2.914,0.0,call,-1.0,0.192661831442058,1.06,5273,2.75,52223.0,30,10001710.SH,0.02,2.977,2.914,0.0,put,-1.0,0.2370375864987373,0.94,-1.0,2019-09-09,0.0002713087487408,0,0.0,0.0
167,4425,2019-08-27,3.1,116925.0,29,10001801.SH,0.0124,2.977,2.934,0.0,call,-1.0,0.1840420504431127,1.06,5287,2.75,59425.0,29,10001710.SH,0.01,2.977,2.934,0.0,put,-1.0,0.2042186894484162,0.94,-1.0,2019-09-09,0.0002713087487408,0,0.0,0.0
168,4431,2019-08-28,3.1,85888.0,28,10001801.SH,0.0092,2.977,2.912,0.0,call,-1.0,0.1869885449796914,1.06,5302,2.75,48465.0,28,10001710.SH,0.0109,2.977,2.912,0.0,put,-1.0,0.1965667681874036,0.94,-1.0,2019-09-09,0.0002713087487408,0,0.0,0.0
169,4443,2019-08-30,3.1,77405.0,26,10001801.SH,0.0076,2.977,2.9160000000000004,0.0,call,-1.0,0.1809260403815507,1.06,5330,2.75,59678.0,26,10001710.SH,0.0099,2.977,2.9160000000000004,0.0,put,-1.0,0.2007299121248126,0.94,-1.0,2019-09-09,0.0002713087487408,0,0.0,0.0
170,4463,2019-09-09,3.2,44795.0,44,10001947.SH,0.03,3.0,3.032,0.0,call,-1.0,0.2030690952394306,1.06,5358,2.85,17088.0,44,10001951.SH,0.02,3.0,3.032,0.0,put,-1.0,0.202619020791769,0.94,-1.0,2019-10-17,0.0002158467140243,1,0.0966636444788157,2.0276814171534463
171,4467,2019-09-10,3.2,34185.0,43,10001947.SH,0.03,3.0,3.0210000000000004,0.0,call,-1.0,0.2137567391456365,1.06,5364,2.85,11115.0,43,10001951.SH,0.02,3.0,3.0210000000000004,0.0,put,-1.0,0.1976789903028011,0.94,-1.0,2019-10-17,0.0002158467140243,1,0.0966636444788157,2.0276814171534463
172,4532,2019-10-11,3.2,64283.0,47,10001967.SH,0.02,2.988,3.032,0.0,call,-1.0,0.1654388540638685,1.06,5454,2.85,38723.0,47,10001971.SH,0.0103,2.988,3.032,0.0,put,-1.0,0.1573052083046436,0.94,-1.0,2019-11-18,0.0002396057730626,0,0.0,0.0
173,4557,2019-10-21,3.2,85493.0,37,10001967.SH,0.0072,2.988,3.016,0.0,call,-1.0,0.1432381615433096,1.06,5487,2.85,32922.0,37,10001971.SH,0.0068,2.988,3.016,0.0,put,-1.0,0.1470389094216823,0.94,-1.0,2019-11-18,0.0002396057730626,0,0.0,0.0
174,4562,2019-10-22,3.2,57262.0,36,10001967.SH,0.007,2.988,3.019,0.0,call,-1.0,0.1423549403586387,1.06,5492,2.85,23734.0,36,10001971.SH,0.0062,2.988,3.019,0.0,put,-1.0,0.1470375981201529,0.94,-1.0,2019-11-18,0.0002396057730626,0,0.0,0.0
175,4582,2019-10-28,3.2,74318.0,30,10001967.SH,0.0064,2.988,3.028,0.0,call,-1.0,0.1469248261886239,1.06,5512,2.85,36175.0,30,10001971.SH,0.0033,2.988,3.028,0.0,put,-1.0,0.1426512945042848,0.94,-1.0,2019-11-18,0.0002396057730626,0,0.0,0.0
176,4587,2019-10-29,3.2,38430.0,29,10001967.SH,0.0049,2.988,3.016,0.0,call,-1.0,0.1471929277467727,1.06,5517,2.85,17608.0,29,10001971.SH,0.0037,2.988,3.016,0.0,put,-1.0,0.1414789909369945,0.94,-1.0,2019-11-18,0.0002396057730626,0,0.0,0.0
177,4628,2019-11-12,3.2,51332.0,43,10001834.SH,0.0109,2.98,3.017,0.0,call,-1.0,0.1488927321565747,1.06,5592,2.85,16405.0,43,10001838.SH,0.0079,2.98,3.017,0.0,put,-1.0,0.1434867127877473,0.94,-1.0,2019-12-18,0.0001788149814785,0,0.0,0.0
178,4648,2019-11-18,3.2,56823.0,37,10001834.SH,0.0085,2.98,3.027,0.0,call,-1.0,0.1432379231248498,1.06,5632,2.85,27263.0,37,10001838.SH,0.0053,2.98,3.027,0.0,put,-1.0,0.143861387397468,0.94,-1.0,2019-12-18,0.0001788149814785,0,0.0,0.0
179,4694,2019-11-29,3.1,230757.0,26,10001833.SH,0.0048,2.98,2.938,0.0,call,-1.0,0.1447658278250694,1.06,5719,2.75,17119.0,26,10001836.SH,0.0024,2.98,2.938,0.0,put,-1.0,0.1538092784272432,0.94,-1.0,2019-12-18,0.0001788149814785,0,0.0,0.0
180,4722,2019-12-05,3.1,10497.0,48,10002054.SH,0.0079,3.006,2.919,0.0,call,-1.0,0.1306966352975964,1.06,5750,2.75,7134.0,48,10002057.SH,0.0058,3.006,2.919,0.0,put,-1.0,0.1305949498244523,0.94,-1.0,2020-01-20,0.0002213603348593,0,0.0,0.0
181,4729,2019-12-06,3.1,11158.0,47,10002054.SH,0.008,3.006,2.9360000000000004,0.0,call,-1.0,0.1228855697146058,1.06,5751,2.76,5378.0,47,10002020.SH,0.0042,3.006,2.9360000000000004,0.0,put,-1.0,0.1247577506709098,0.94,-1.0,2020-01-20,0.0002213603348593,0,0.0,0.0
182,4729,2019-12-06,3.1,11158.0,47,10002054.SH,0.008,3.006,2.9360000000000004,0.0,call,-1.0,0.1228855697146058,1.06,5759,2.75,3944.0,47,10002057.SH,0.004,3.006,2.9360000000000004,0.0,put,-1.0,0.1286730586192607,0.94,-1.0,2020-01-20,0.0002213603348593,0,0.0,0.0
183,4736,2019-12-09,3.1,10576.0,44,10002054.SH,0.0071,3.006,2.931,0.0,call,-1.0,0.1258896423092484,1.06,5760,2.76,3503.0,44,10002020.SH,0.0037,3.006,2.931,0.0,put,-1.0,0.1223946661056876,0.94,-1.0,2020-01-20,0.0002213603348593,0,0.0,0.0
184,4736,2019-12-09,3.1,10576.0,44,10002054.SH,0.0071,3.006,2.931,0.0,call,-1.0,0.1258896423092484,1.06,5768,2.75,4860.0,44,10002057.SH,0.0035,3.006,2.931,0.0,put,-1.0,0.1262765954696535,0.94,-1.0,2020-01-20,0.0002213603348593,0,0.0,0.0
185,4744,2019-12-10,3.1,8348.0,43,10002054.SH,0.0074,3.006,2.9330000000000003,0.0,call,-1.0,0.1277808967423438,1.06,5769,2.76,1716.0,43,10002020.SH,0.0037,3.006,2.9330000000000003,0.0,put,-1.0,0.1247365314279794,0.94,-1.0,2020-01-20,0.0002213603348593,0,0.0,0.0
186,4744,2019-12-10,3.1,8348.0,43,10002054.SH,0.0074,3.006,2.9330000000000003,0.0,call,-1.0,0.1277808967423438,1.06,5777,2.75,2973.0,43,10002057.SH,0.0036,3.006,2.9330000000000003,0.0,put,-1.0,0.1294607932107448,0.94,-1.0,2020-01-20,0.0002213603348593,0,0.0,0.0
187,4759,2019-12-12,3.1,10327.0,41,10002054.SH,0.007,3.006,2.937,0.0,call,-1.0,0.1265975067166685,1.06,5787,2.76,2793.0,41,10002020.SH,0.003,3.006,2.937,0.0,put,-1.0,0.1237420880317687,0.94,-1.0,2020-01-20,0.0002213603348593,0,0.0,0.0
188,4759,2019-12-12,3.1,10327.0,41,10002054.SH,0.007,3.006,2.937,0.0,call,-1.0,0.1265975067166685,1.06,5795,2.75,1880.0,41,10002057.SH,0.0031,3.006,2.937,0.0,put,-1.0,0.1301193049969672,0.94,-1.0,2020-01-20,0.0002213603348593,0,0.0,0.0
189,4781,2019-12-17,3.2,76731.0,36,10002055.SH,0.0091,3.006,3.025,0.0,call,-1.0,0.1496344519852995,1.06,5821,2.85,15514.0,36,10002022.SH,0.0048,3.006,3.025,0.0,put,-1.0,0.1410686727675199,0.94,-1.0,2020-01-20,0.0002213603348593,0,0.0,0.0
190,4781,2019-12-17,3.2,76731.0,36,10002055.SH,0.0091,3.006,3.025,0.0,call,-1.0,0.1496344519852995,1.06,5822,2.85,41440.0,36,10002059.SH,0.0045,3.006,3.025,0.0,put,-1.0,0.1388696201027036,0.94,-1.0,2020-01-20,0.0002213603348593,0,0.0,0.0
191,4788,2019-12-18,3.2,55366.0,35,10002055.SH,0.009,3.006,3.017,0.0,call,-1.0,0.156602827521801,1.06,5833,2.85,14662.0,35,10002022.SH,0.0048,3.006,3.017,0.0,put,-1.0,0.1383671531984805,0.94,-1.0,2020-01-20,0.0002213603348593,0,0.0,0.0
192,4788,2019-12-18,3.2,55366.0,35,10002055.SH,0.009,3.006,3.017,0.0,call,-1.0,0.156602827521801,1.06,5834,2.85,18792.0,35,10002059.SH,0.0046,3.006,3.017,0.0,put,-1.0,0.1369185226361751,0.94,-1.0,2020-01-20,0.0002213603348593,0,0.0,0.0
193,4806,2019-12-23,3.15,52647.0,30,10002017.SH,0.0077,3.006,2.979,0.0,call,-1.0,0.1566415705215335,1.06,5867,2.8,4469.0,30,10002021.SH,0.0036,3.006,2.979,0.0,put,-1.0,0.148517938337624,0.94,-1.0,2020-01-20,0.0002213603348593,0,0.0,0.0
194,4806,2019-12-23,3.15,52647.0,30,10002017.SH,0.0077,3.006,2.979,0.0,call,-1.0,0.1566415705215335,1.06,5868,2.8,7073.0,30,10002058.SH,0.0036,3.006,2.979,0.0,put,-1.0,0.148517938337624,0.94,-1.0,2020-01-20,0.0002213603348593,0,0.0,0.0
195,4822,2019-12-25,3.15,37617.0,28,10002017.SH,0.0064,3.006,2.98,0.0,call,-1.0,0.1534830027648807,1.06,5889,2.8,3685.0,28,10002021.SH,0.0023,3.006,2.98,0.0,put,-1.0,0.1400568248237371,0.94,-1.0,2020-01-20,0.0002213603348593,0,0.0,0.0
196,4822,2019-12-25,3.15,37617.0,28,10002017.SH,0.0064,3.006,2.98,0.0,call,-1.0,0.1534830027648807,1.06,5890,2.8,5420.0,28,10002058.SH,0.0023,3.006,2.98,0.0,put,-1.0,0.1400568248237371,0.94,-1.0,2020-01-20,0.0002213603348593,0,0.0,0.0
197,4849,2020-01-08,3.2,29106.0,49,10002195.SH,0.02,2.894,3.033,0.0,call,-1.0,0.1611383214889467,1.06,5928,2.85,4283.0,49,10002199.SH,0.0097,2.894,3.033,0.0,put,-1.0,0.1520647705562114,0.94,-1.0,2020-02-27,0.000475162539488,2,0.1310267951240233,3.845752374594484
198,4907,2020-02-04,2.95,4928.0,50,10001914.SH,0.03,2.687,2.785,0.0,call,-1.0,0.2045861518997251,1.06,5984,2.61,13859.0,50,10001934.SH,0.03,2.687,2.785,0.0,put,-1.0,0.2383918033509254,0.94,-1.0,2020-03-30,0.0010259741728139,3,0.1672257641516631,6.254952805898544
199,4908,2020-02-04,2.95,16312.0,50,10002070.SH,0.03,2.687,2.785,0.0,call,-1.0,0.2045861518997251,1.06,5984,2.61,13859.0,50,10001934.SH,0.03,2.687,2.785,0.0,put,-1.0,0.2383918033509254,0.94,-1.0,2020-03-30,0.0010259741728139,3,0.1672257641516631,6.254952805898544
200,4946,2020-02-06,3.0,23012.0,48,10002071.SH,0.03,2.687,2.842,0.0,call,-1.0,0.2000204979974031,1.06,6007,2.66,10243.0,48,10001930.SH,0.02,2.687,2.842,0.0,put,-1.0,0.2075310371116995,0.94,-1.0,2020-03-30,0.0010259741728139,3,0.1672257641516631,6.254952805898544
201,4961,2020-02-07,3.0,14195.0,47,10002071.SH,0.03,2.687,2.841,0.0,call,-1.0,0.2030447169519067,1.06,6020,2.66,3777.0,47,10001930.SH,0.03,2.687,2.841,0.0,put,-1.0,0.2453786563180685,0.94,-1.0,2020-03-30,0.0010259741728139,3,0.1672257641516631,6.254952805898544
202,4976,2020-02-10,3.0,17711.0,44,10002071.SH,0.03,2.687,2.839,0.0,call,-1.0,0.2118626832956374,1.06,6033,2.66,4224.0,44,10001930.SH,0.02,2.687,2.839,0.0,put,-1.0,0.2142048466410041,0.94,-1.0,2020-03-30,0.0010259741728139,3,0.1672257641516631,6.254952805898544
203,4986,2020-02-11,3.05,4688.0,43,10001915.SH,0.02,2.687,2.87,0.0,call,-1.0,0.1912273867781161,1.06,6042,2.71,6984.0,43,10001918.SH,0.02,2.687,2.87,0.0,put,0.0032555656097892,0.1996972621704042,0.94,-0.3202857055448713,2020-03-30,0.0010259741728139,3,0.1672257641516631,6.254952805898544
204,4986,2020-02-11,3.05,4688.0,43,10001915.SH,0.02,2.687,2.87,0.0,call,-1.0,0.1912273867781161,1.06,6049,2.7,18884.0,43,10002074.SH,0.02,2.687,2.87,0.0,put,-0.0099681922715457,0.2073491834314167,0.94,-0.5434866233438292,2020-03-30,0.0010259741728139,3,0.1672257641516631,6.254952805898544
205,5001,2020-02-12,3.05,4761.0,42,10001915.SH,0.02,2.687,2.883,0.0,call,-1.0,0.184094800527364,1.06,6055,2.71,2236.0,42,10001918.SH,0.02,2.687,2.883,0.0,put,0.0033332081193198,0.2110235099214315,0.94,-0.3265053118737331,2020-03-30,0.0010259741728139,3,0.1672257641516631,6.254952805898544
206,5001,2020-02-12,3.05,4761.0,42,10001915.SH,0.02,2.687,2.883,0.0,call,-1.0,0.184094800527364,1.06,6062,2.7,11573.0,42,10002074.SH,0.02,2.687,2.883,0.0,put,-0.0102043151554236,0.2186686362563371,0.94,-0.5519306286962724,2020-03-30,0.0010259741728139,3,0.1672257641516631,6.254952805898544
207,5016,2020-02-13,3.05,6069.0,41,10001915.SH,0.0146,2.687,2.869,0.0,call,-1.0,0.1755607905693649,1.06,6068,2.71,4343.0,41,10001918.SH,0.02,2.687,2.869,0.0,put,0.0034146445239622,0.2035244148932099,0.94,-0.2582919741151462,2020-03-30,0.0010259741728139,3,0.1672257641516631,6.254952805898544
208,5016,2020-02-13,3.05,6069.0,41,10001915.SH,0.0146,2.687,2.869,0.0,call,-1.0,0.1755607905693649,1.06,6075,2.7,11032.0,41,10002074.SH,0.02,2.687,2.869,0.0,put,-0.010451895725975,0.2113714816636442,0.94,-0.5114294797040663,2020-03-30,0.0010259741728139,3,0.1672257641516631,6.254952805898544
209,5029,2020-02-14,3.05,10585.0,40,10001915.SH,0.02,2.687,2.885,0.0,call,-1.0,0.1873978498707115,1.06,6081,2.71,4117.0,40,10001918.SH,0.02,2.687,2.885,0.0,put,0.003500159862704,0.2173840375944376,0.94,-0.339685424942802,2020-03-30,0.0010259741728139,3,0.1672257641516631,6.254952805898544
210,5029,2020-02-14,3.05,10585.0,40,10001915.SH,0.02,2.687,2.885,0.0,call,-1.0,0.1873978498707115,1.06,6090,2.7,16214.0,40,10002074.SH,0.02,2.687,2.885,0.0,put,-0.0107117886752439,0.2252057127988934,0.94,-0.5695601010842312,2020-03-30,0.0010259741728139,3,0.1672257641516631,6.254952805898544
211,5059,2020-02-18,3.1,33003.0,36,10002072.SH,0.0115,2.687,2.9130000000000003,0.0,call,-1.0,0.1748603767388165,1.06,6123,2.75,25703.0,36,10002075.SH,0.0145,2.687,2.9130000000000003,0.0,put,0.0416491400269583,0.1924824215509891,0.94,1.0907687548689156,2020-03-30,0.0010259741728139,3,0.1672257641516631,6.254952805898544
212,5072,2020-02-19,3.1,30326.0,35,10002072.SH,0.0117,2.687,2.9130000000000003,0.0,call,-1.0,0.1784429717263876,1.06,6138,2.75,19684.0,35,10002075.SH,0.02,2.687,2.9130000000000003,0.0,put,0.0333262079055374,0.2194218001711368,0.94,0.8016468834685029,2020-03-30,0.0010259741728139,3,0.1672257641516631,6.254952805898544
213,5078,2020-02-20,3.15,16279.0,34,10001916.SH,0.0121,2.687,2.967,0.0,call,-1.0,0.177233892111659,1.06,6145,2.8,5622.0,34,10001920.SH,0.02,2.687,2.967,0.0,put,0.052250333328957,0.2217276643059849,0.94,2.0357825259970945,2020-03-30,0.0010259741728139,3,0.1672257641516631,6.254952805898544
214,5078,2020-02-20,3.15,16279.0,34,10001916.SH,0.0121,2.687,2.967,0.0,call,-1.0,0.177233892111659,1.06,6146,2.8,36017.0,34,10002076.SH,0.02,2.687,2.967,0.0,put,0.052250333328957,0.2217276643059849,0.94,2.0357825259970945,2020-03-30,0.0010259741728139,3,0.1672257641516631,6.254952805898544
215,5107,2020-02-24,3.1,65049.0,30,10002072.SH,0.02,2.687,2.924,0.0,call,-1.0,0.2236007989361286,1.06,6178,2.76,6097.0,30,10001919.SH,0.02,2.687,2.924,0.0,put,0.0441024034575048,0.2362190363213122,0.94,0.8249999999999988,2020-03-30,0.0010259741728139,3,0.1672257641516631,6.254952805898544
216,5107,2020-02-24,3.1,65049.0,30,10002072.SH,0.02,2.687,2.924,0.0,call,-1.0,0.2236007989361286,1.06,6187,2.75,22775.0,30,10002075.SH,0.02,2.687,2.924,0.0,put,0.0389875698013058,0.2451933455701172,0.94,0.5750000000000042,2020-03-30,0.0010259741728139,3,0.1672257641516631,6.254952805898544
217,5192,2020-03-10,3.1,25433.0,43,10002340.SH,0.04,2.79,2.911,0.0,call,-1.0,0.2602596040968597,1.06,6282,2.75,14484.0,43,10002343.SH,0.04,2.79,2.911,0.0,put,-1.0,0.2664505566402674,0.94,-1.0,2020-04-30,0.0002969697068673,1,0.0920619431457086,1.7883657691852346
218,5274,2020-03-23,2.7,81300.0,30,10002333.SH,0.05,2.79,2.553,0.0,call,0.0197860891980146,0.354119766154945,1.06,6319,2.4,64763.0,30,10002399.SH,0.05,2.79,2.553,0.0,put,-1.0,0.394421307359755,0.94,-0.1000000000000014,2020-04-30,0.0002969697068673,1,0.0920619431457086,1.7883657691852346
219,5513,2020-05-14,3.0,14955.0,41,10002089.SH,0.0122,2.958,2.8310000000000004,0.0,call,-1.0,0.1599678656647205,1.06,6539,2.65,8040.0,41,10002298.SH,0.02,2.958,2.8310000000000004,0.0,put,-1.0,0.2237146437507271,0.94,-1.0,2020-06-04,0.0002470037406381,0,0.0,0.0
220,5547,2020-05-18,3.0,19367.0,37,10002089.SH,0.0104,2.958,2.833,0.0,call,-1.0,0.1589327123164832,1.06,6561,2.65,15491.0,37,10002298.SH,0.0124,2.958,2.833,0.0,put,-1.0,0.2005077061201929,0.94,-1.0,2020-06-04,0.0002470037406381,0,0.0,0.0
221,5623,2020-05-25,2.95,3333.0,30,10001993.SH,0.0069,2.958,2.78,0.0,call,0.0049428467641547,0.1619736801677942,1.06,6619,2.6,20279.0,30,10002297.SH,0.0118,2.958,2.78,0.0,put,-1.0,0.2198871930048465,0.94,-0.5721925133689836,2020-06-04,0.0002470037406381,0,0.0,0.0
222,5624,2020-05-25,2.95,26102.0,30,10002088.SH,0.0072,2.958,2.78,0.0,call,0.0035181915469957,0.1639272810281515,1.06,6619,2.6,20279.0,30,10002297.SH,0.0118,2.958,2.78,0.0,put,-1.0,0.2198871930048465,0.94,-0.5789473684210522,2020-06-04,0.0002470037406381,0,0.0,0.0
223,5734,2020-06-09,3.1,5570.0,43,10002565.SH,0.0106,3.334,2.923,0.0,call,0.0746170348891113,0.1488961296196281,1.06,6694,2.75,9308.0,43,10002539.SH,0.02,3.334,2.923,0.0,put,-1.0,0.2058168083850741,0.94,3.134199817182993,2020-07-08,0.0005171196915595,2,0.1622678035997298,5.858850038965032
224,5773,2020-06-19,3.1,20045.0,33,10002565.SH,0.0092,3.334,2.927,0.0,call,0.1030335652134091,0.161146487321198,1.06,6735,2.75,32839.0,33,10002539.SH,0.0144,3.334,2.927,0.0,put,-1.0,0.2103954560934602,0.94,7.04879334240756,2020-07-08,0.0005171196915595,2,0.1622678035997298,5.858850038965032
225,5777,2020-06-22,3.1,48056.0,30,10002565.SH,0.0098,3.334,2.924,0.0,call,0.1115602114753175,0.1749488895920515,1.06,6741,2.75,29673.0,30,10002539.SH,0.02,3.334,2.924,0.0,put,-1.0,0.2451933455701172,0.94,6.85234899328859,2020-07-08,0.0005171196915595,2,0.1622678035997298,5.858850038965032
226,5782,2020-06-23,3.1,27388.0,29,10002565.SH,0.0094,3.334,2.93,0.0,call,0.1172258241262089,0.1713208758878708,1.06,6747,2.75,19330.0,29,10002539.SH,0.02,3.334,2.93,0.0,put,-1.0,0.2541478064821362,0.94,7.549347283975399,2020-07-08,0.0005171196915595,2,0.1622678035997298,5.858850038965032
227,5790,2020-07-07,3.6,53857.0,50,10002655.SH,0.08,3.323,3.402,0.0,call,-1.0,0.3022231305832713,1.06,6764,3.2,19877.0,50,10002601.SH,0.06,3.323,3.402,0.0,put,-1.0,0.2909524939380139,0.94,-1.0,2020-08-07,0.0011372032616273,3,0.1728237557833905,6.899700180362708
228,5823,2020-07-16,3.4,101823.0,41,10002625.SH,0.06,3.323,3.2060000000000004,0.0,call,-1.0,0.3006648573317229,1.06,6827,3.0,38698.0,41,10002599.SH,0.05,3.323,3.2060000000000004,0.0,put,-1.0,0.3136220661622584,0.94,-1.0,2020-08-07,0.0011372032616273,3,0.1728237557833905,6.899700180362708
229,5861,2020-07-24,3.4,241921.0,33,10002625.SH,0.04,3.323,3.2,0.0,call,-1.0,0.2802068249391317,1.06,6873,3.0,171618.0,33,10002599.SH,0.04,3.323,3.2,0.0,put,-1.0,0.3093960989606678,0.94,-1.0,2020-08-07,0.0011372032616273,3,0.1728237557833905,6.899700180362708
230,5882,2020-07-29,3.5,154227.0,28,10002639.SH,0.04,3.323,3.2910000000000004,0.0,call,-1.0,0.3037504690396487,1.06,6895,3.1,105641.0,28,10002600.SH,0.03,3.323,3.2910000000000004,0.0,put,-1.0,0.2797605055822133,0.94,-1.0,2020-08-07,0.0011372032616273,3,0.1728237557833905,6.899700180362708
231,5894,2020-07-31,3.5,179544.0,26,10002639.SH,0.03,3.323,3.295,0.0,call,-1.0,0.2752685229839981,1.06,6911,3.1,163590.0,26,10002600.SH,0.03,3.323,3.295,0.0,put,-1.0,0.2932266186153888,0.94,-1.0,2020-08-07,0.0011372032616273,3,0.1728237557833905,6.899700180362708
232,5917,2020-08-07,3.5,17633.0,47,10002641.SH,0.06,3.325,3.3080000000000003,0.0,call,-1.0,0.2700336284647584,1.06,6967,3.1,13499.0,47,10002245.SH,0.06,3.325,3.3080000000000003,0.0,put,-1.0,0.3128288181438894,0.94,-1.0,2020-09-08,0.0005893709620855,0,0.0,0.0
233,5929,2020-08-11,3.5,24756.0,43,10002641.SH,0.05,3.325,3.307,0.0,call,-1.0,0.2582124835956097,1.06,6999,3.1,15659.0,43,10002245.SH,0.05,3.325,3.307,0.0,put,-1.0,0.2978351878404915,0.94,-1.0,2020-09-08,0.0005893709620855,0,0.0,0.0
234,5935,2020-08-12,3.5,30810.0,42,10002641.SH,0.05,3.325,3.297,0.0,call,-1.0,0.2688892198572755,1.06,7015,3.1,30249.0,42,10002245.SH,0.05,3.325,3.297,0.0,put,-1.0,0.2942962234310805,0.94,-1.0,2020-09-08,0.0005893709620855,0,0.0,0.0
235,5968,2020-08-20,3.5,64513.0,34,10002641.SH,0.04,3.325,3.312,0.0,call,-1.0,0.2580821879072786,1.06,7113,3.1,32079.0,34,10002245.SH,0.03,3.325,3.312,0.0,put,-1.0,0.2696019718431234,0.94,-1.0,2020-09-08,0.0005893709620855,0,0.0,0.0
236,6018,2020-09-10,3.5,38683.0,48,10002777.SH,0.04,3.364,3.2960000000000003,0.0,call,-1.0,0.2260385084792971,1.06,7232,3.1,15325.0,48,10002782.SH,0.05,3.364,3.2960000000000003,0.0,put,-1.0,0.2755037227946819,0.94,-1.0,2020-10-16,0.0003519297555072,0,0.0,0.0
237,6023,2020-09-11,3.5,22409.0,47,10002777.SH,0.05,3.364,3.313,0.0,call,-1.0,0.2421530929741859,1.06,7236,3.1,13480.0,47,10002782.SH,0.04,3.364,3.313,0.0,put,-1.0,0.2613438120432198,0.94,-1.0,2020-10-16,0.0003519297555072,0,0.0,0.0
238,6043,2020-09-17,3.5,46638.0,41,10002777.SH,0.03,3.364,3.314,0.0,call,-1.0,0.2041981258562505,1.06,7252,3.1,33170.0,41,10002782.SH,0.03,3.364,3.314,0.0,put,-1.0,0.2477465092524886,0.94,-1.0,2020-10-16,0.0003519297555072,0,0.0,0.0
239,6048,2020-09-18,3.6,87429.0,40,10002778.SH,0.04,3.364,3.406,0.0,call,-1.0,0.2343930489416122,1.06,7257,3.2,81087.0,40,10002783.SH,0.03,3.364,3.406,0.0,put,-1.0,0.2382738458178937,0.94,-1.0,2020-10-16,0.0003519297555072,0,0.0,0.0
240,6076,2020-09-28,3.5,96058.0,30,10002777.SH,0.03,3.364,3.302,0.0,call,-1.0,0.2500745463041066,1.06,7282,3.1,47317.0,30,10002782.SH,0.03,3.364,3.302,0.0,put,-1.0,0.2789111398188472,0.94,-1.0,2020-10-16,0.0003519297555072,0,0.0,0.0
241,6081,2020-09-29,3.5,89706.0,29,10002777.SH,0.03,3.364,3.295,0.0,call,-1.0,0.2601587530883253,1.06,7286,3.1,36453.0,29,10002782.SH,0.03,3.364,3.295,0.0,put,-1.0,0.2781494524441063,0.94,-1.0,2020-10-16,0.0003519297555072,0,0.0,0.0
242,6114,2020-10-19,3.6,65369.0,37,10002822.SH,0.03,3.468,3.409,0.0,call,-1.0,0.2127282615142762,1.06,7324,3.2,43101.0,37,10002827.SH,0.02,3.468,3.409,0.0,put,-1.0,0.2137011280398666,0.94,-1.0,2020-11-17,0.0003645458371713,0,0.0,0.0
243,6118,2020-10-20,3.6,29244.0,36,10002822.SH,0.03,3.468,3.412,0.0,call,-1.0,0.2136824717953801,1.06,7329,3.2,20357.0,36,10002827.SH,0.02,3.468,3.412,0.0,put,-1.0,0.2183476654047071,0.94,-1.0,2020-11-17,0.0003645458371713,0,0.0,0.0
244,6130,2020-10-23,3.6,57787.0,33,10002822.SH,0.03,3.468,3.408,0.0,call,-1.0,0.2266055271815359,1.06,7344,3.2,40764.0,33,10002827.SH,0.02,3.468,3.408,0.0,put,-1.0,0.2250679665336906,0.94,-1.0,2020-11-17,0.0003645458371713,0,0.0,0.0
245,6170,2020-11-06,3.6,13020.0,47,10002659.SH,0.04,3.491,3.408,0.0,call,-1.0,0.2139729250841439,1.06,7420,3.2,12752.0,47,10002572.SH,0.03,3.491,3.408,0.0,put,-1.0,0.2218788812141716,0.94,-1.0,2020-12-17,0.0004012554536521,1,0.0626042883554204,0.7799665276541533
246,6192,2020-11-13,3.6,55282.0,40,10002659.SH,0.02,3.491,3.388,0.0,call,-1.0,0.1864836938908696,1.06,7488,3.2,45511.0,40,10002572.SH,0.02,3.491,3.388,0.0,put,-1.0,0.1935603710127771,0.94,-1.0,2020-12-17,0.0004012554536521,1,0.0626042883554204,0.7799665276541533
247,6224,2020-11-24,3.7,65520.0,29,10002687.SH,0.02,3.491,3.4930000000000003,0.0,call,-1.0,0.2108951215807795,1.06,7583,3.3,31951.0,29,10002580.SH,0.0135,3.491,3.4930000000000003,0.0,put,-1.0,0.1943761197732985,0.94,-1.0,2020-12-17,0.0004012554536521,1,0.0626042883554204,0.7799665276541533
248,6232,2020-11-26,3.7,90669.0,27,10002687.SH,0.02,3.491,3.497,0.0,call,-1.0,0.2159748056826294,1.06,7611,3.3,77021.0,27,10002580.SH,0.01,3.491,3.497,0.0,put,-1.0,0.1858180295508504,0.94,-1.0,2020-12-17,0.0004012554536521,1,0.0626042883554204,0.7799665276541533
249,6243,2020-12-08,3.7,18570.0,50,10002973.SH,0.04,3.806,3.499,0.0,call,0.0196823862743609,0.2066853370321542,1.06,7635,3.3,10993.0,50,10002978.SH,0.02,3.806,3.499,0.0,put,-1.0,0.1749902551948428,0.94,0.406995695996013,2021-01-19,0.0006946780423329,1,0.166141764399336,6.431680590009971
250,6257,2020-12-10,3.65,10688.0,48,10002919.SH,0.03,3.806,3.4560000000000004,0.0,call,0.0349437264916547,0.1844849127323627,1.06,7648,3.25,3868.0,48,10002924.SH,0.02,3.806,3.4560000000000004,0.0,put,-1.0,0.1846241491129397,0.94,1.0363227874730525,2021-01-19,0.0006946780423329,1,0.166141764399336,6.431680590009971
251,6315,2020-12-18,3.7,90403.0,40,10002973.SH,0.03,3.806,3.505,0.0,call,0.0320592134746293,0.2009585554278493,1.06,7711,3.3,25769.0,40,10002978.SH,0.0136,3.806,3.505,0.0,put,-1.0,0.1736670923470555,0.94,0.9469936361002208,2021-01-19,0.0006946780423329,1,0.166141764399336,6.431680590009971
252,6389,2020-12-31,3.84,45386.0,27,10002921.SH,0.02,3.806,3.634,0.0,call,-1.0,0.2098131190051734,1.06,7806,3.4,130439.0,27,10002979.SH,0.0082,3.806,3.634,0.0,put,-1.0,0.1918839912166595,0.94,-1.0,2021-01-19,0.0006946780423329,1,0.166141764399336,6.431680590009971
253,6490,2021-02-03,4.0,15356.0,49,10003025.SH,0.04,3.454,3.764,0.0,call,-1.0,0.2121447323336899,1.06,7967,3.55,4726.0,49,10002741.SH,0.04,3.454,3.764,0.0,put,0.0180272733969457,0.2259762812612652,0.94,0.1180939922008423,2021-03-29,0.0009089861802238,0,0.0,0.0
254,6496,2021-02-04,4.0,22071.0,48,10003025.SH,0.05,3.454,3.787,0.0,call,-1.0,0.2236609101903289,1.06,7985,3.55,2495.0,48,10002741.SH,0.04,3.454,3.787,0.0,put,0.0184062771998074,0.2404493546597957,0.94,0.0411611447785142,2021-03-29,0.0009089861802238,0,0.0,0.0
255,6507,2021-02-08,4.1,17052.0,44,10003089.SH,0.04,3.454,3.875,0.0,call,-1.0,0.2123994824580848,1.06,8025,3.65,2388.0,44,10002742.SH,0.04,3.454,3.875,0.0,put,0.0367791971470208,0.2376066317578852,0.94,0.8422158394515353,2021-03-29,0.0009089861802238,0,0.0,0.0
256,6526,2021-02-22,4.1,105426.0,30,10003089.SH,0.03,3.454,3.873,0.0,call,-1.0,0.2310995959412753,1.06,8132,3.65,9923.0,30,10002742.SH,0.03,3.454,3.873,0.0,put,0.0645624921367364,0.2520453132935762,0.94,2.266666666666662,2021-03-29,0.0009089861802238,0,0.0,0.0
257,6531,2021-02-23,4.1,82094.0,29,10003089.SH,0.03,3.454,3.886,0.0,call,-1.0,0.2264590786425471,1.06,8153,3.65,10643.0,29,10002742.SH,0.02,3.454,3.886,0.0,put,0.0818827829686525,0.2279683270982801,0.94,3.109076315739469,2021-03-29,0.0009089861802238,0,0.0,0.0
258,6537,2021-02-24,4.0,212875.0,28,10003025.SH,0.03,3.454,3.788,0.0,call,-1.0,0.2352670314109623,1.06,8173,3.55,14875.0,28,10002741.SH,0.02,3.454,3.788,0.0,put,0.057620948041021,0.2392904621308744,0.94,1.011578711087752,2021-03-29,0.0009089861802238,0,0.0,0.0
259,6557,2021-03-09,3.7,35239.0,50,10003266.SH,0.06,3.467,3.505,0.0,call,-1.0,0.2484762485536039,1.06,8224,3.3,35916.0,50,10003300.SH,0.05,3.467,3.505,0.0,put,-1.0,0.2600809094611705,0.94,-1.0,2021-04-29,0.0003828017854256,0,0.0,0.0
260,6607,2021-03-19,3.7,83461.0,40,10003266.SH,0.03,3.467,3.4960000000000004,0.0,call,-1.0,0.2068038012044131,1.06,8261,3.3,64084.0,40,10003300.SH,0.04,3.467,3.4960000000000004,0.0,put,-1.0,0.2550902746540905,0.94,-1.0,2021-04-29,0.0003828017854256,0,0.0,0.0
261,6621,2021-03-23,3.7,100701.0,36,10003266.SH,0.02,3.467,3.504,0.0,call,-1.0,0.1814019236274957,1.06,8269,3.3,65433.0,36,10003300.SH,0.03,3.467,3.504,0.0,put,-1.0,0.2420644609117209,0.94,-1.0,2021-04-29,0.0003828017854256,0,0.0,0.0
262,6780,2021-05-06,3.65,3372.0,48,10002866.SH,0.03,3.469,3.444,0.0,call,-1.0,0.1917141478662938,1.06,8393,3.25,3308.0,48,10002871.SH,0.03,3.469,3.444,0.0,put,-1.0,0.2085691110860705,0.94,-1.0,2021-06-03,0.0005134579110827,0,0.0,0.0
263,6799,2021-05-07,3.6,23010.0,47,10003008.SH,0.02,3.469,3.399,0.0,call,-1.0,0.1649655934209823,1.06,8408,3.2,25592.0,47,10003013.SH,0.02,3.469,3.399,0.0,put,-1.0,0.1854216588612794,0.94,-1.0,2021-06-03,0.0005134579110827,0,0.0,0.0
264,6814,2021-05-10,3.6,24744.0,44,10003008.SH,0.02,3.469,3.399,0.0,call,-1.0,0.1708649005833268,1.06,8418,3.2,20844.0,44,10003013.SH,0.02,3.469,3.399,0.0,put,-1.0,0.1912638648024797,0.94,-1.0,2021-06-03,0.0005134579110827,0,0.0,0.0
265,6838,2021-05-12,3.65,2764.0,42,10002866.SH,0.02,3.469,3.442,0.0,call,-1.0,0.1767383393427729,1.06,8435,3.25,2421.0,42,10002871.SH,0.02,3.469,3.442,0.0,put,-1.0,0.1886906143648624,0.94,-1.0,2021-06-03,0.0005134579110827,0,0.0,0.0
266,6857,2021-05-13,3.6,34471.0,41,10003008.SH,0.02,3.469,3.407,0.0,call,-1.0,0.1724980670335889,1.06,8450,3.2,21319.0,41,10003013.SH,0.02,3.469,3.407,0.0,put,-1.0,0.2023739266149998,0.94,-1.0,2021-06-03,0.0005134579110827,0,0.0,0.0
267,6871,2021-05-14,3.7,46923.0,40,10003009.SH,0.03,3.469,3.498,0.0,call,-1.0,0.2055078180610537,1.06,8462,3.3,43640.0,40,10003014.SH,0.02,3.469,3.498,0.0,put,-1.0,0.1937637419590651,0.94,-1.0,2021-06-03,0.0005134579110827,0,0.0,0.0
268,6892,2021-05-18,3.75,1954.0,36,10002867.SH,0.02,3.469,3.528,0.0,call,-1.0,0.1949471319847405,1.06,8487,3.3,14796.0,36,10003014.SH,0.02,3.469,3.528,0.0,put,-1.0,0.2214868616614937,0.94,-1.0,2021-06-03,0.0005134579110827,0,0.0,0.0
269,6908,2021-05-19,3.7,27053.0,35,10003009.SH,0.02,3.469,3.504,0.0,call,-1.0,0.1841132183533907,1.06,8500,3.3,19645.0,35,10003014.SH,0.02,3.469,3.504,0.0,put,-1.0,0.2101014861324132,0.94,-1.0,2021-06-03,0.0005134579110827,0,0.0,0.0
270,6933,2021-05-21,3.7,52294.0,33,10003009.SH,0.0146,3.469,3.475,0.0,call,-1.0,0.1877856971003413,1.06,8518,3.25,4660.0,33,10002871.SH,0.0119,3.469,3.475,0.0,put,-1.0,0.1966595129683017,0.94,-1.0,2021-06-03,0.0005134579110827,0,0.0,0.0
271,6955,2021-05-25,3.84,21274.0,29,10002911.SH,0.02,3.469,3.635,0.0,call,-1.0,0.2014758638812006,1.06,8550,3.4,192361.0,29,10003015.SH,0.0113,3.469,3.635,0.0,put,-1.0,0.2031572504649758,0.94,-1.0,2021-06-03,0.0005134579110827,0,0.0,0.0
272,7004,2021-06-10,3.8,28919.0,48,10003421.SH,0.04,3.1830000000000003,3.6010000000000004,0.0,call,-1.0,0.2040990629861653,1.06,8610,3.4,19544.0,48,10003426.SH,0.03,3.1830000000000003,3.6010000000000004,0.0,put,0.0420843770211805,0.2036921422797441,0.94,1.028154608349812,2021-07-06,0.0004337252582316,0,0.0,0.0
273,7073,2021-06-29,3.7,116725.0,29,10003420.SH,0.02,3.1830000000000003,3.497,0.0,call,-1.0,0.2080935854678154,1.06,8662,3.3,41900.0,29,10003425.SH,0.0079,3.1830000000000003,3.497,0.0,put,0.0973978260786887,0.1679600100679993,0.94,3.4060557857961333,2021-07-06,0.0004337252582316,0,0.0,0.0
274,7107,2021-07-08,3.6,21374.0,48,10003466.SH,0.02,3.197,3.395,0.0,call,-1.0,0.1653744810796976,1.06,8690,3.2,13156.0,48,10003471.SH,0.02,3.197,3.395,0.0,put,-0.0387524750773086,0.181449786133319,0.94,-0.8018868562482393,2021-08-05,0.0006315043538994,0,0.0,0.0
275,7117,2021-07-12,3.6,27053.0,44,10003466.SH,0.03,3.197,3.41,0.0,call,-1.0,0.1934999319331944,1.06,8698,3.2,15023.0,44,10003471.SH,0.02,3.197,3.41,0.0,put,-0.0422000691715779,0.1973878217586576,0.94,-0.8531339863491195,2021-08-05,0.0006315043538994,0,0.0,0.0
276,7136,2021-07-16,3.6,37534.0,40,10003466.SH,0.02,3.197,3.403,0.0,call,-1.0,0.1772480780100226,1.06,8715,3.2,24052.0,40,10003471.SH,0.0141,3.197,3.403,0.0,put,-0.037950200205266,0.1797557633711695,0.94,-0.8384618306817395,2021-08-05,0.0006315043538994,0,0.0,0.0
277,7146,2021-07-20,3.6,23218.0,36,10003466.SH,0.02,3.197,3.408,0.0,call,-1.0,0.1841173906764387,1.06,8723,3.2,17318.0,36,10003471.SH,0.0131,3.197,3.408,0.0,put,-0.0401175431716329,0.1874497058857381,0.94,-0.8647685460351304,2021-08-05,0.0006315043538994,0,0.0,0.0
278,7161,2021-07-23,3.6,59330.0,33,10003466.SH,0.0133,3.197,3.388,0.0,call,-1.0,0.1795683664616942,1.06,8735,3.2,22250.0,33,10003471.SH,0.0118,3.197,3.388,0.0,put,-0.0406502937915466,0.1773346239109635,0.94,-0.8550173814595234,2021-08-05,0.0006315043538994,0,0.0,0.0
279,7268,2021-08-11,3.5,37462.0,42,10003206.SH,0.0146,3.158,3.295,0.0,call,-1.0,0.1638689281100928,1.06,8784,3.1,20804.0,42,10003318.SH,0.02,3.158,3.295,0.0,put,-1.0,0.1990906063992082,0.94,-1.0,2021-09-06,0.000701397752595,0,0.0,0.0
280,7385,2021-08-25,3.4,65004.0,28,10003205.SH,0.0095,3.158,3.197,0.0,call,-1.0,0.1815425905188322,1.06,8825,3.0,59430.0,28,10003372.SH,0.0122,3.158,3.197,0.0,put,-1.0,0.2123369572169781,0.94,-1.0,2021-09-06,0.000701397752595,0,0.0,0.0
281,7433,2021-09-10,3.5,26940.0,47,10003588.SH,0.03,3.287,3.292,0.0,call,-1.0,0.2039764562931657,1.06,8859,3.1,26907.0,47,10003593.SH,0.02,3.287,3.292,0.0,put,-1.0,0.1871239666649103,0.94,-1.0,2021-10-15,0.0005523059573388,1,0.0976551431055587,2.0885663319835257
282,7456,2021-09-17,3.4,92947.0,40,10003587.SH,0.02,3.287,3.199,0.0,call,-1.0,0.190940032929331,1.06,8885,3.0,51545.0,40,10003592.SH,0.02,3.287,3.199,0.0,put,-1.0,0.2126656170639395,0.94,-1.0,2021-10-15,0.0005523059573388,1,0.0976551431055587,2.0885663319835257
283,7495,2021-10-08,3.5,15523.0,47,10003630.SH,0.03,3.273,3.295,0.0,call,-1.0,0.2020743538201451,1.06,8927,3.1,21461.0,47,10003635.SH,0.02,3.273,3.295,0.0,put,-1.0,0.1888100024086534,0.94,-1.0,2021-11-16,0.0003608625679309,0,0.0,0.0
284,7498,2021-10-11,3.5,16793.0,44,10003630.SH,0.02,3.273,3.312,0.0,call,-1.0,0.1681363205190897,1.06,8932,3.1,17921.0,44,10003635.SH,0.02,3.273,3.312,0.0,put,-1.0,0.2045242227047682,0.94,-1.0,2021-11-16,0.0003608625679309,0,0.0,0.0
285,7502,2021-10-12,3.5,19845.0,43,10003630.SH,0.02,3.273,3.295,0.0,call,-1.0,0.1806680716079473,1.06,8937,3.1,14873.0,43,10003635.SH,0.02,3.273,3.295,0.0,put,-1.0,0.1968889311313331,0.94,-1.0,2021-11-16,0.0003608625679309,0,0.0,0.0
286,7510,2021-10-14,3.5,13770.0,41,10003630.SH,0.02,3.273,3.306,0.0,call,-1.0,0.1783585119869709,1.06,8947,3.1,23033.0,41,10003635.SH,0.02,3.273,3.306,0.0,put,-1.0,0.2079432626288533,0.94,-1.0,2021-11-16,0.0003608625679309,0,0.0,0.0
287,7522,2021-10-19,3.5,24092.0,36,10003630.SH,0.0137,3.273,3.2910000000000004,0.0,call,-1.0,0.1765694794685542,1.06,8962,3.1,23893.0,36,10003635.SH,0.0143,3.273,3.2910000000000004,0.0,put,-1.0,0.1883602855886816,0.94,-1.0,2021-11-16,0.0003608625679309,0,0.0,0.0
288,7526,2021-10-20,3.5,22513.0,35,10003630.SH,0.0136,3.273,3.293,0.0,call,-1.0,0.1775198750542997,1.06,8967,3.1,16407.0,35,10003635.SH,0.0132,3.273,3.293,0.0,put,-1.0,0.187206399847418,0.94,-1.0,2021-11-16,0.0003608625679309,0,0.0,0.0
289,7530,2021-10-21,3.5,53941.0,34,10003630.SH,0.02,3.273,3.314,0.0,call,-1.0,0.1912928326453566,1.06,8972,3.1,37992.0,34,10003635.SH,0.011,3.273,3.314,0.0,put,-1.0,0.1917223435008526,0.94,-1.0,2021-11-16,0.0003608625679309,0,0.0,0.0
290,7546,2021-10-27,3.5,102107.0,28,10003630.SH,0.0104,3.273,3.287,0.0,call,-1.0,0.1875525238465666,1.06,8994,3.1,52774.0,28,10003635.SH,0.0107,3.273,3.287,0.0,put,-1.0,0.1911487086863517,0.94,-1.0,2021-11-16,0.0003608625679309,0,0.0,0.0
291,7556,2021-10-29,3.5,50481.0,26,10003630.SH,0.0094,3.273,3.304,0.0,call,-1.0,0.17765231650877,1.06,9004,3.1,36893.0,26,10003635.SH,0.008,3.273,3.304,0.0,put,-1.0,0.192987272639811,0.94,-1.0,2021-11-16,0.0003608625679309,0,0.0,0.0
292,7608,2021-11-10,3.4,44116.0,42,10003376.SH,0.02,3.244,3.2060000000000004,0.0,call,-1.0,0.1815955790215432,1.06,9041,3.0,27758.0,42,10003410.SH,0.02,3.244,3.2060000000000004,0.0,put,-1.0,0.2120435833020806,0.94,-1.0,2021-12-16,0.0002801852285785,1,0.0724628808077079,1.1079716733134606
293,7713,2021-12-07,3.46,4820.0,50,10003715.SH,0.02,3.144,3.2510000000000003,0.0,call,-1.0,0.1710996831617057,1.06,9117,3.06,5148.0,50,10003720.SH,0.0134,3.144,3.2510000000000003,0.0,put,-1.0,0.1599456927479505,0.94,-1.0,2022-01-18,0.0003040079312469,0,0.0,0.0
294,7725,2021-12-08,3.5,18396.0,49,10003772.SH,0.02,3.144,3.301,0.0,call,-1.0,0.1650998230139017,1.06,9132,3.1,22062.0,49,10003777.SH,0.0138,3.144,3.301,0.0,put,-1.0,0.1661715735957324,0.94,-1.0,2022-01-18,0.0003040079312469,0,0.0,0.0
295,7729,2021-12-09,3.55,18615.0,48,10003716.SH,0.03,3.144,3.352,0.0,call,-1.0,0.1925020314693152,1.06,9137,3.16,14521.0,48,10003721.SH,0.02,3.144,3.352,0.0,put,-0.0046380349287713,0.1819719821650982,0.94,-0.5094099491861566,2022-01-18,0.0003040079312469,0,0.0,0.0
296,7736,2021-12-10,3.55,7804.0,47,10003716.SH,0.02,3.144,3.349,0.0,call,-1.0,0.1674410922900438,1.06,9148,3.16,4495.0,47,10003721.SH,0.0143,3.144,3.349,0.0,put,0.0023928409442051,0.1620966444884836,0.94,-0.3853721250549153,2022-01-18,0.0003040079312469,0,0.0,0.0
297,7744,2021-12-13,3.55,11716.0,44,10003716.SH,0.02,3.144,3.354,0.0,call,-1.0,0.1704304425447881,1.06,9159,3.16,12241.0,44,10003721.SH,0.0132,3.144,3.354,0.0,put,0.0043816599921497,0.1655392878400981,0.94,-0.3920731924622996,2022-01-18,0.0003040079312469,0,0.0,0.0
298,7764,2021-12-15,3.5,35633.0,42,10003772.SH,0.02,3.144,3.304,0.0,call,-1.0,0.17734237251091,1.06,9186,3.1,10356.0,42,10003777.SH,0.0099,3.144,3.304,0.0,put,-1.0,0.1630131250483095,0.94,-1.0,2022-01-18,0.0003040079312469,0,0.0,0.0
299,7772,2021-12-16,3.5,28205.0,41,10003772.SH,0.02,3.144,3.315,0.0,call,-1.0,0.1726627545847595,1.06,9196,3.1,11246.0,41,10003777.SH,0.0082,3.144,3.315,0.0,put,-1.0,0.1619720112385749,0.94,-1.0,2022-01-18,0.0003040079312469,0,0.0,0.0
300,7777,2021-12-17,3.46,12932.0,40,10003715.SH,0.02,3.144,3.265,0.0,call,-1.0,0.1835637830125689,1.06,9201,3.06,5086.0,40,10003720.SH,0.0094,3.144,3.265,0.0,put,-1.0,0.1669087038691044,0.94,-1.0,2022-01-18,0.0003040079312469,0,0.0,0.0
301,7796,2021-12-21,3.46,13205.0,36,10003715.SH,0.02,3.144,3.258,0.0,call,-1.0,0.1987912124181986,1.06,9220,3.06,6008.0,36,10003720.SH,0.0083,3.144,3.258,0.0,put,-1.0,0.1655670039860606,0.94,-1.0,2022-01-18,0.0003040079312469,0,0.0,0.0
302,7833,2021-12-27,3.46,11265.0,30,10003715.SH,0.012,3.144,3.268,0.0,call,-1.0,0.1770743305573761,1.06,9259,3.06,3795.0,30,10003720.SH,0.0047,3.144,3.268,0.0,put,-1.0,0.1616782796959877,0.94,-1.0,2022-01-18,0.0003040079312469,0,0.0,0.0
303,7871,2021-12-31,3.46,11660.0,26,10003715.SH,0.01,3.144,3.256,0.0,call,-1.0,0.1887471195398569,1.06,9297,3.06,6928.0,26,10003720.SH,0.005,3.144,3.256,0.0,put,-1.0,0.1684441187508106,0.94,-1.0,2022-01-18,0.0003040079312469,0,0.0,0.0
304,7889,2022-01-06,3.4,18805.0,48,10003847.SH,0.02,3.1,3.193,0.0,call,-1.0,0.1769570286751091,1.06,9316,3.0,10723.0,48,10003852.SH,0.02,3.1,3.193,0.0,put,-1.0,0.1916661959535479,0.94,-1.0,2022-02-24,0.00042138717972,0,0.0,0.0
305,7894,2022-01-07,3.4,9209.0,47,10003847.SH,0.02,3.1,3.207,0.0,call,-1.0,0.1704588739461303,1.06,9320,3.0,7157.0,47,10003852.SH,0.0139,3.1,3.207,0.0,put,-1.0,0.1783764529760778,0.94,-1.0,2022-02-24,0.00042138717972,0,0.0,0.0
306,7904,2022-01-11,3.4,9722.0,43,10003847.SH,0.02,3.1,3.196,0.0,call,-1.0,0.1856846344225406,1.06,9328,3.0,8009.0,43,10003852.SH,0.0127,3.1,3.196,0.0,put,-1.0,0.1747084445752501,0.94,-1.0,2022-02-24,0.00042138717972,0,0.0,0.0
307,7946,2022-01-21,3.4,31372.0,33,10003847.SH,0.0142,3.1,3.2060000000000004,0.0,call,-1.0,0.182658508120358,1.06,9362,3.0,18687.0,33,10003852.SH,0.0093,3.1,3.2060000000000004,0.0,put,-1.0,0.186378670559287,0.94,-1.0,2022-02-24,0.00042138717972,0,0.0,0.0
308,7951,2022-01-24,3.4,36722.0,30,10003847.SH,0.0112,3.1,3.195,0.0,call,-1.0,0.1853205694342851,1.06,9367,3.0,32666.0,30,10003852.SH,0.0111,3.1,3.195,0.0,put,-1.0,0.1982247301574945,0.94,-1.0,2022-02-24,0.00042138717972,0,0.0,0.0
309,8042,2022-02-11,3.3,40150.0,40,10003788.SH,0.02,2.899,3.123,0.0,call,-1.0,0.1806985295661985,1.06,9433,2.95,10942.0,40,10003793.SH,0.0125,2.899,3.123,0.0,put,0.0357775748648625,0.1690470790358782,0.94,0.4020551963250725,2022-03-28,0.0009934862067404,0,0.0,0.0
310,8049,2022-02-14,3.26,10649.0,37,10003536.SH,0.01,2.899,3.088,0.0,call,-1.0,0.1469324555793404,1.06,9438,2.91,2114.0,37,10003541.SH,0.01,2.899,3.088,0.0,put,0.002579271417431,0.1686696626138687,0.94,-0.384138207419299,2022-03-28,0.0009934862067404,0,0.0,0.0
311,8049,2022-02-14,3.26,10649.0,37,10003536.SH,0.01,2.899,3.088,0.0,call,-1.0,0.1469324555793404,1.06,9442,2.9,13712.0,37,10003792.SH,0.01,2.899,3.088,0.0,put,-0.0603351685045333,0.1752985302634835,0.94,-0.9118726290392536,2022-03-28,0.0009934862067404,0,0.0,0.0
312,8069,2022-02-15,3.3,13956.0,36,10003788.SH,0.0105,2.899,3.1,0.0,call,-1.0,0.1673244460585415,1.06,9448,2.91,1346.0,36,10003541.SH,0.0124,2.899,3.1,0.0,put,-0.0033222800796322,0.1903653848363757,0.94,-0.4572110443008046,2022-03-28,0.0009934862067404,0,0.0,0.0
313,8069,2022-02-15,3.3,13956.0,36,10003788.SH,0.0105,2.899,3.1,0.0,call,-1.0,0.1673244460585415,1.06,9452,2.9,11268.0,36,10003792.SH,0.0116,2.899,3.1,0.0,put,-0.0658175105119285,0.1932663414471149,0.94,-0.9241993193712624,2022-03-28,0.0009934862067404,0,0.0,0.0
314,8129,2022-02-22,3.26,18435.0,29,10003536.SH,0.009,2.899,3.0810000000000004,0.0,call,-1.0,0.1666845905168056,1.06,9500,2.91,5769.0,29,10003541.SH,0.0111,2.899,3.0810000000000004,0.0,put,-0.0003120146071048,0.1906487451759576,0.94,-0.4639948959354886,2022-03-28,0.0009934862067404,0,0.0,0.0
315,8129,2022-02-22,3.26,18435.0,29,10003536.SH,0.009,2.899,3.0810000000000004,0.0,call,-1.0,0.1666845905168056,1.06,9504,2.9,32112.0,29,10003792.SH,0.0111,2.899,3.0810000000000004,0.0,put,-0.0796471107222909,0.1983357139505743,0.94,-0.9551392895127416,2022-03-28,0.0009934862067404,0,0.0,0.0
316,8150,2022-02-23,3.3,34085.0,28,10003788.SH,0.007,2.899,3.1,0.0,call,-1.0,0.1700428337336182,1.06,9510,2.91,2856.0,28,10003541.SH,0.0074,2.899,3.1,0.0,put,0.0142583830160802,0.184504224627614,0.94,-0.2506663997883566,2022-03-28,0.0009934862067404,0,0.0,0.0
317,8150,2022-02-23,3.3,34085.0,28,10003788.SH,0.007,2.899,3.1,0.0,call,-1.0,0.1700428337336182,1.06,9514,2.9,20237.0,28,10003792.SH,0.0067,2.899,3.1,0.0,put,-0.0656763791714963,0.1867087609170079,0.94,-0.9394540487858244,2022-03-28,0.0009934862067404,0,0.0,0.0
318,8186,2022-03-08,3.1,47930.0,50,10004039.SH,0.03,2.714,2.915,0.0,call,-1.0,0.2083947079826593,1.06,9540,2.75,33857.0,50,10004078.SH,0.03,2.714,2.915,0.0,put,0.0036530874540363,0.2201795536412894,0.94,-0.2639780771821662,2022-04-29,0.0007739730942192,0,0.0,0.0
319,8200,2022-03-10,3.1,40848.0,48,10004039.SH,0.02,2.714,2.9130000000000003,0.0,call,-1.0,0.181985691226542,1.06,9547,2.75,17093.0,48,10004078.SH,0.03,2.714,2.9130000000000003,0.0,put,0.0038055887000079,0.2230607215198575,0.94,-0.1856092911691862,2022-04-29,0.0007739730942192,0,0.0,0.0
320,8207,2022-03-11,3.1,40751.0,47,10004039.SH,0.03,2.714,2.922,0.0,call,-1.0,0.2101909526594877,1.06,9551,2.75,31881.0,47,10004078.SH,0.03,2.714,2.922,0.0,put,0.0038867158246367,0.2315773865348994,0.94,-0.2782373319837873,2022-04-29,0.0007739730942192,0,0.0,0.0
321,8304,2022-03-29,3.0,47946.0,29,10004038.SH,0.01,2.714,2.823,0.0,call,-1.0,0.1862693556954264,1.06,9624,2.65,23126.0,29,10004118.SH,0.02,2.714,2.823,0.0,put,-1.0,0.2573243748325109,0.94,-1.0,2022-04-29,0.0007739730942192,0,0.0,0.0
322,8460,2022-05-06,2.86,3199.0,47,10003707.SH,0.03,2.898,2.7030000000000003,0.0,call,0.0050422178799209,0.2119712232995033,1.06,9755,2.55,8424.0,47,10004139.SH,0.04,2.898,2.7030000000000003,0.0,put,-1.0,0.2679756003189684,0.94,-0.3229038330181615,2022-06-06,0.0004959027891709,0,0.0,0.0
323,8508,2022-05-10,2.86,4109.0,43,10003707.SH,0.03,2.898,2.701,0.0,call,0.005512551948799,0.2238715827019513,1.06,9765,2.55,10555.0,43,10004139.SH,0.03,2.898,2.701,0.0,put,-1.0,0.2428182804772853,0.94,-0.2728835626846657,2022-06-06,0.0004959027891709,0,0.0,0.0
324,8520,2022-05-10,2.85,15276.0,43,10003893.SH,0.03,2.898,2.701,0.0,call,0.0109902711138094,0.2161285855892599,1.06,9765,2.55,10555.0,43,10004139.SH,0.03,2.898,2.701,0.0,put,-1.0,0.2428182804772853,0.94,-0.1441683112181457,2022-06-06,0.0004959027891709,0,0.0,0.0
325,8555,2022-05-12,2.86,1218.0,41,10003707.SH,0.03,2.898,2.702,0.0,call,0.0057822328981285,0.2286804830379784,1.06,9775,2.55,8566.0,41,10004139.SH,0.03,2.898,2.702,0.0,put,-1.0,0.2491980604409277,0.94,-0.2840990540526162,2022-06-06,0.0004959027891709,0,0.0,0.0
326,8600,2022-05-16,2.86,2648.0,37,10003707.SH,0.02,2.898,2.702,0.0,call,0.0174987423650494,0.2030894204131365,1.06,9786,2.55,6831.0,37,10004139.SH,0.03,2.898,2.702,0.0,put,-1.0,0.261699591989994,0.94,-0.1994980906726862,2022-06-06,0.0004959027891709,0,0.0,0.0
327,8670,2022-05-19,2.9,20479.0,34,10003801.SH,0.0127,2.898,2.7260000000000004,0.0,call,-1.0,0.1894468181150257,1.06,9804,2.55,9216.0,34,10004139.SH,0.02,2.898,2.7260000000000004,0.0,put,-1.0,0.2496943284651935,0.94,-1.0,2022-06-06,0.0004959027891709,0,0.0,0.0
328,8759,2022-05-25,2.9,41520.0,28,10003801.SH,0.0099,2.898,2.725,0.0,call,-1.0,0.1943392245166301,1.06,9829,2.55,23981.0,28,10004139.SH,0.0108,2.898,2.725,0.0,put,-1.0,0.2211901498881578,0.94,-1.0,2022-06-06,0.0004959027891709,0,0.0,0.0
329,8781,2022-05-26,2.9,57626.0,27,10003801.SH,0.0074,2.898,2.725,0.0,call,-1.0,0.1817258151052594,1.06,9834,2.55,41535.0,27,10004139.SH,0.0104,2.898,2.725,0.0,put,-1.0,0.2224848813346028,0.94,-1.0,2022-06-06,0.0004959027891709,0,0.0,0.0
330,8819,2022-06-07,3.0,27746.0,50,10004317.SH,0.03,2.867,2.829,0.0,call,-1.0,0.2054351004307866,1.06,9845,2.65,8302.0,50,10004292.SH,0.03,2.867,2.829,0.0,put,-1.0,0.2377629150583445,0.94,-1.0,2022-07-06,0.0006592895761417,0,0.0,0.0
331,8842,2022-06-15,3.1,77295.0,42,10004325.SH,0.03,2.867,2.9130000000000003,0.0,call,-1.0,0.2300183682256639,1.06,9885,2.75,44722.0,42,10004294.SH,0.03,2.867,2.9130000000000003,0.0,put,-1.0,0.2375982871117889,0.94,-1.0,2022-07-06,0.0006592895761417,0,0.0,0.0
332,8849,2022-06-17,3.1,56205.0,40,10004325.SH,0.03,2.867,2.929,0.0,call,-1.0,0.2232387605047822,1.06,9899,2.75,29543.0,40,10004294.SH,0.02,2.867,2.929,0.0,put,-1.0,0.2171787593004703,0.94,-1.0,2022-07-06,0.0006592895761417,0,0.0,0.0
333,8853,2022-06-20,3.1,70065.0,37,10004325.SH,0.03,2.867,2.923,0.0,call,-1.0,0.2375376692183614,1.06,9907,2.75,25456.0,37,10004294.SH,0.02,2.867,2.923,0.0,put,-1.0,0.221036966027677,0.94,-1.0,2022-07-06,0.0006592895761417,0,0.0,0.0
334,8857,2022-06-21,3.1,68978.0,36,10004325.SH,0.02,2.867,2.929,0.0,call,-1.0,0.1994047227201164,1.06,9914,2.75,21718.0,36,10004294.SH,0.02,2.867,2.929,0.0,put,-1.0,0.2283611811155676,0.94,-1.0,2022-07-06,0.0006592895761417,0,0.0,0.0
335,8874,2022-06-27,3.2,190463.0,30,10004329.SH,0.02,2.867,3.016,0.0,call,-1.0,0.222800964607805,1.06,9947,2.85,112656.0,30,10004296.SH,0.02,2.867,3.016,0.0,put,-1.0,0.230690887096405,0.94,-1.0,2022-07-06,0.0006592895761417,0,0.0,0.0
336,8882,2022-06-29,3.2,135423.0,28,10004329.SH,0.02,2.867,3.018,0.0,call,-1.0,0.2292437466494739,1.06,9965,2.85,52990.0,28,10004296.SH,0.0149,2.867,3.018,0.0,put,-1.0,0.215667901520133,0.94,-1.0,2022-07-06,0.0006592895761417,0,0.0,0.0
337,8924,2022-07-13,3.1,19898.0,42,10004348.SH,0.03,2.7460000000000004,2.935,0.0,call,-1.0,0.212879180399388,1.06,10024,2.75,3806.0,42,10004351.SH,0.02,2.7460000000000004,2.935,0.0,put,-0.0375950301289156,0.2162577487899065,0.94,-0.8353761144865698,2022-08-05,0.0004119783996813,0,0.0,0.0
338,8931,2022-07-14,3.1,23605.0,41,10004348.SH,0.02,2.7460000000000004,2.915,0.0,call,-1.0,0.1963640528918802,1.06,10029,2.75,6359.0,41,10004351.SH,0.02,2.7460000000000004,2.915,0.0,put,-0.0384941052915738,0.2049415146141946,0.94,-0.8145218809929535,2022-08-05,0.0004119783996813,0,0.0,0.0
339,8946,2022-07-18,3.1,30543.0,37,10004348.SH,0.02,2.7460000000000004,2.911,0.0,call,-1.0,0.2102845319049954,1.06,10036,2.75,14593.0,37,10004351.SH,0.02,2.7460000000000004,2.911,0.0,put,-0.042565839295342,0.2122104762240052,0.94,-0.8454072263580661,2022-08-05,0.0004119783996813,0,0.0,0.0
340,9010,2022-07-29,3.0,119026.0,26,10004347.SH,0.0097,2.7460000000000004,2.8280000000000003,0.0,call,-1.0,0.1911993726090788,1.06,10082,2.65,40514.0,26,10004404.SH,0.0113,2.7460000000000004,2.8280000000000003,0.0,put,-1.0,0.2266005799984931,0.94,-1.0,2022-08-05,0.0004119783996813,0,0.0,0.0
341,9036,2022-08-11,3.0,20761.0,48,10003978.SH,0.02,2.651,2.826,0.0,call,-1.0,0.1794192357150315,1.06,10100,2.65,18952.0,48,10004122.SH,0.02,2.651,2.826,0.0,put,-1.0,0.2043339051691591,0.94,-1.0,2022-09-06,0.0003303391618282,0,0.0,0.0
342,9052,2022-08-15,3.0,16805.0,44,10003978.SH,0.02,2.651,2.82,0.0,call,-1.0,0.1922624805217385,1.06,10116,2.65,12588.0,44,10004122.SH,0.02,2.651,2.82,0.0,put,-1.0,0.2087602034816741,0.94,-1.0,2022-09-06,0.0003303391618282,0,0.0,0.0
343,9069,2022-08-17,3.0,21898.0,42,10003978.SH,0.02,2.651,2.823,0.0,call,-1.0,0.1948133792287409,1.06,10131,2.65,12349.0,42,10004122.SH,0.0123,2.651,2.823,0.0,put,-1.0,0.1818415672675371,0.94,-1.0,2022-09-06,0.0003303391618282,0,0.0,0.0
344,9104,2022-08-23,2.95,24082.0,36,10003977.SH,0.0103,2.651,2.774,0.0,call,-1.0,0.1701520293882489,1.06,10162,2.6,11561.0,36,10004146.SH,0.0093,2.651,2.774,0.0,put,-1.0,0.1832789921622276,0.94,-1.0,2022-09-06,0.0003303391618282,0,0.0,0.0
345,9141,2022-08-29,2.95,21814.0,30,10003977.SH,0.0071,2.651,2.772,0.0,call,-1.0,0.169202408662498,1.06,10189,2.6,16805.0,30,10004146.SH,0.0081,2.651,2.772,0.0,put,-1.0,0.1905861603302359,0.94,-1.0,2022-09-06,0.0003303391618282,0,0.0,0.0
346,9168,2022-09-01,2.95,20221.0,27,10003977.SH,0.0062,2.651,2.775,0.0,call,-1.0,0.1699833483278751,1.06,10210,2.6,14228.0,27,10004146.SH,0.0066,2.651,2.775,0.0,put,-1.0,0.1915840607941151,0.94,-1.0,2022-10-14,0.0003965088159228,0,0.0,0.0
347,9218,2022-09-16,2.9,26082.0,40,10004464.SH,0.0138,2.439,2.724,0.0,call,-1.0,0.1803785123884081,1.06,10250,2.55,16033.0,40,10004466.SH,0.013,2.439,2.724,0.0,put,0.0550778135169935,0.1971898748323321,0.94,1.9032948155019904,2022-10-14,0.0003965088159228,0,0.0,0.0
348,9251,2022-09-26,2.8,50861.0,30,10004462.SH,0.0129,2.439,2.654,0.0,call,-1.0,0.1863240131273567,1.06,10279,2.5,17066.0,30,10004570.SH,0.0133,2.439,2.654,0.0,put,0.052081231544472,0.2155820708745718,0.94,1.328244274809158,2022-10-14,0.0003965088159228,0,0.0,0.0
349,9264,2022-09-28,2.8,45381.0,28,10004462.SH,0.0105,2.439,2.651,0.0,call,-1.0,0.1826331165543794,1.06,10288,2.5,17489.0,28,10004570.SH,0.0115,2.439,2.651,0.0,put,0.0614015416572391,0.2095910918143988,0.94,1.9822454145185184,2022-10-14,0.0003965088159228,0,0.0,0.0
350,9271,2022-09-29,2.8,61930.0,27,10004462.SH,0.0096,2.439,2.651,0.0,call,-1.0,0.1807758367518186,1.06,10292,2.5,36819.0,27,10004570.SH,0.0096,2.439,2.651,0.0,put,0.0708851868676048,0.2011993580723405,0.94,2.612514197333038,2022-10-14,0.0003965088159228,0,0.0,0.0
351,9278,2022-09-30,2.8,53635.0,26,10004462.SH,0.0079,2.439,2.65,0.0,call,-1.0,0.1743636914822459,1.06,10296,2.5,22449.0,26,10004570.SH,0.0085,2.439,2.65,0.0,put,0.078747122723418,0.1964808183326125,0.94,3.5525325736365216,2022-10-14,0.0003965088159228,0,0.0,0.0
352,9295,2022-10-12,2.75,18646.0,42,10004601.SH,0.02,2.575,2.594,0.0,call,-1.0,0.1963669735180139,1.06,10305,2.45,18986.0,42,10004604.SH,0.02,2.575,2.594,0.0,put,-1.0,0.209559739786923,0.94,-1.0,2022-11-15,0.0008786016236936,0,0.0,0.0
353,9318,2022-10-19,2.7,37261.0,35,10004600.SH,0.0145,2.575,2.557,0.0,call,-1.0,0.1836451433120071,1.06,10332,2.4,9872.0,35,10004634.SH,0.013,2.575,2.557,0.0,put,-1.0,0.2089820518586039,0.94,-1.0,2022-11-15,0.0008786016236936,0,0.0,0.0
354,9324,2022-10-20,2.7,39200.0,34,10004600.SH,0.013,2.575,2.544,0.0,call,-1.0,0.1904696929125786,1.06,10336,2.4,11598.0,34,10004634.SH,0.02,2.575,2.544,0.0,put,-1.0,0.2362906214638948,0.94,-1.0,2022-11-15,0.0008786016236936,0,0.0,0.0
355,9379,2022-11-08,2.65,15521.0,50,10004240.SH,0.03,2.649,2.497,0.0,call,-1.0,0.2189959251971542,1.06,10360,2.35,10698.0,50,10004652.SH,0.02,2.649,2.497,0.0,put,-1.0,0.2030559226195216,0.94,-1.0,2022-12-15,0.0005158921305785,1,0.1487959408839411,4.9816812186558055
356,9424,2022-11-11,2.7,27186.0,47,10004241.SH,0.03,2.649,2.555,0.0,call,-1.0,0.2148500069934725,1.06,10381,2.4,22873.0,47,10004636.SH,0.02,2.649,2.555,0.0,put,-1.0,0.2110036019800305,0.94,-1.0,2022-12-15,0.0005158921305785,1,0.1487959408839411,4.9816812186558055
357,9475,2022-11-17,2.75,23237.0,41,10004242.SH,0.03,2.649,2.6,0.0,call,-1.0,0.2310592436169386,1.06,10418,2.45,27125.0,41,10004580.SH,0.02,2.649,2.6,0.0,put,-1.0,0.2167751168478727,0.94,-1.0,2022-12-15,0.0005158921305785,1,0.1487959408839411,4.9816812186558055
358,9501,2022-11-21,2.7,54513.0,37,10004241.SH,0.02,2.649,2.557,0.0,call,-1.0,0.2022525120142996,1.06,10436,2.4,30675.0,37,10004636.SH,0.02,2.649,2.557,0.0,put,-1.0,0.2380792367500066,0.94,-1.0,2022-12-15,0.0005158921305785,1,0.1487959408839411,4.9816812186558055
359,9541,2022-11-24,2.7,88668.0,34,10004241.SH,0.02,2.649,2.5580000000000003,0.0,call,-1.0,0.2104819423897863,1.06,10462,2.4,29234.0,34,10004636.SH,0.0132,2.649,2.5580000000000003,0.0,put,-1.0,0.213824271174401,0.94,-1.0,2022-12-15,0.0005158921305785,1,0.1487959408839411,4.9816812186558055
360,9568,2022-11-28,2.7,78927.0,30,10004241.SH,0.02,2.649,2.54,0.0,call,-1.0,0.2427542055161893,1.06,10479,2.4,111081.0,30,10004636.SH,0.02,2.649,2.54,0.0,put,-1.0,0.2470400753558278,0.94,-1.0,2022-12-15,0.0005158921305785,1,0.1487959408839411,4.9816812186558055
361,9582,2022-11-29,2.8,102002.0,29,10004243.SH,0.02,2.649,2.648,0.0,call,-1.0,0.2299865989658832,1.06,10485,2.5,192653.0,29,10004246.SH,0.02,2.649,2.648,0.0,put,-1.0,0.2490460090681314,0.94,-1.0,2022-12-15,0.0005158921305785,1,0.1487959408839411,4.9816812186558055
362,9619,2022-12-01,2.8,48762.0,27,10004849.SH,0.0136,2.649,2.632,0.0,call,-1.0,0.2212567878476977,1.06,10505,2.47,62359.0,27,10004246.SH,0.0109,2.649,2.632,0.0,put,-1.0,0.2215670894732475,0.94,-1.0,2023-01-17,0.0003178537617032,0,0.0,0.0
363,9649,2022-12-13,2.85,4739.0,48,10004915.SH,0.02,2.849,2.679,0.0,call,-1.0,0.1872746471315622,1.06,10552,2.51,2083.0,48,10004791.SH,0.02,2.849,2.679,0.0,put,-1.0,0.2101761111103594,0.94,-1.0,2023-01-17,0.0003178537617032,0,0.0,0.0
364,9663,2022-12-15,2.85,6354.0,46,10004915.SH,0.02,2.849,2.682,0.0,call,-1.0,0.1892824881915449,1.06,10580,2.51,1876.0,46,10004791.SH,0.0145,2.849,2.682,0.0,put,-1.0,0.1929646228861212,0.94,-1.0,2023-01-17,0.0003178537617032,0,0.0,0.0
365,9675,2022-12-19,2.81,4779.0,42,10004837.SH,0.02,2.849,2.653,0.0,call,0.0160277881738055,0.192737171675384,1.06,10614,2.5,8536.0,42,10004870.SH,0.0145,2.849,2.653,0.0,put,-1.0,0.1885789153164029,0.94,0.0915220378268102,2023-01-17,0.0003178537617032,0,0.0,0.0
366,9678,2022-12-19,2.8,18745.0,42,10004867.SH,0.02,2.849,2.653,0.0,call,0.0215646567451697,0.1853028072590231,1.06,10614,2.5,8536.0,42,10004870.SH,0.0145,2.849,2.653,0.0,put,-1.0,0.1885789153164029,0.94,0.2848153114004796,2023-01-17,0.0003178537617032,0,0.0,0.0
367,9683,2022-12-20,2.76,6678.0,41,10004787.SH,0.02,2.849,2.607,0.0,call,0.0370833426641592,0.1956058225848078,1.06,10624,2.45,12458.0,41,10004869.SH,0.0142,2.849,2.607,0.0,put,-1.0,0.1959664901100099,0.94,1.0133756194483357,2023-01-17,0.0003178537617032,0,0.0,0.0
368,9693,2022-12-21,2.76,3908.0,40,10004787.SH,0.02,2.849,2.612,0.0,call,0.038027837105127,0.1939198464456797,1.06,10635,2.45,10897.0,40,10004869.SH,0.0139,2.849,2.612,0.0,put,-1.0,0.2005400118215084,0.94,1.0624941781535917,2023-01-17,0.0003178537617032,0,0.0,0.0
369,9721,2022-12-26,2.76,3142.0,35,10004787.SH,0.02,2.849,2.612,0.0,call,0.0435771751183029,0.2080350537359118,1.06,10671,2.45,5742.0,35,10004869.SH,0.0094,2.849,2.612,0.0,put,-1.0,0.1882558583032488,0.94,1.5841772208141904,2023-01-17,0.0003178537617032,0,0.0,0.0
370,9740,2022-12-28,2.81,4171.0,33,10004837.SH,0.0096,2.849,2.649,0.0,call,0.0433938776203459,0.1716550193594098,1.06,10696,2.5,35942.0,33,10004870.SH,0.0105,2.849,2.649,0.0,put,-1.0,0.1865076549460887,0.94,0.8268322989449457,2023-01-17,0.0003178537617032,0,0.0,0.0
371,9743,2022-12-28,2.8,21607.0,33,10004867.SH,0.0109,2.849,2.649,0.0,call,0.0466004000971316,0.1713016832018494,1.06,10696,2.5,35942.0,33,10004870.SH,0.0105,2.849,2.649,0.0,put,-1.0,0.1865076549460887,0.94,1.1236103056293745,2023-01-17,0.0003178537617032,0,0.0,0.0
372,9752,2022-12-29,2.8,27002.0,32,10004867.SH,0.0076,2.849,2.635,0.0,call,0.0599690945224939,0.1662151445692778,1.06,10701,2.47,4056.0,32,10004790.SH,0.0068,2.849,2.635,0.0,put,-1.0,0.1796303552612662,0.94,2.152056464842762,2023-01-17,0.0003178537617032,0,0.0,0.0
373,9757,2022-12-30,2.81,4699.0,31,10004837.SH,0.0079,2.849,2.649,0.0,call,0.0528559410768545,0.1671356782429218,1.06,10720,2.5,23758.0,31,10004870.SH,0.0073,2.849,2.649,0.0,put,-1.0,0.1718866428931951,0.94,1.4889738916006945,2023-01-17,0.0003178537617032,0,0.0,0.0
374,9760,2022-12-30,2.8,21242.0,31,10004867.SH,0.0088,2.849,2.649,0.0,call,0.0569520154405569,0.1652114028531313,1.06,10720,2.5,23758.0,31,10004870.SH,0.0073,2.849,2.649,0.0,put,-1.0,0.1718866428931951,0.94,1.93614579498884,2023-01-17,0.0003178537617032,0,0.0,0.0
