exchange;cal_date;ivix;ivixx
SSE;20150209;27.70780306;28.75
SSE;20150210;28.3356132;26.44
SSE;20150211;25.5633817;25.8
SSE;20150212;24.4479427;23.41
SSE;20150213;21.59112519;23.71
SSE;20150216;21.75565661;24.3
SSE;20150217;22.32690838;26.33
SSE;20150225;23.4807083;26.1
SSE;20150226;22.5369534;27.04
SSE;20150227;24.22774362;28.05
SSE;20150302;25.17628762;28.45
SSE;20150303;25.47454759;27.68
SSE;20150304;24.71128937;26.67
SSE;20150305;23.80481325;26.47
SSE;20150306;23.59792887;27.22
SSE;20150309;24.22908877;26.22
SSE;20150310;23.41165717;25.86
SSE;20150311;22.96150378;25.93
SSE;20150312;22.43528209;25.01
SSE;20150313;22.35015971;25.14
SSE;20150316;21.99975042;25.25
SSE;20150317;22.36752354;25.14
SSE;20150318;22.21608086;27.3
SSE;20150319;25.24341252;26.47
SSE;20150320;24.13464241;28.76
SSE;20150323;25.9589931;30.67
SSE;20150324;28.10080794;30.16
SSE;20150325;27.51163334;29.06
SSE;20150326;26.29475733;29.28
SSE;20150327;26.57232478;27.87
SSE;20150330;24.7431379;30.09
SSE;20150331;27.50535796;30.36
SSE;20150401;27.50500285;31.77
SSE;20150402;29.02368269;31.17
SSE;20150403;28.37414726;29.51
SSE;20150407;26.34850942;31.98
SSE;20150408;29.16475967;35.06
SSE;20150409;32.41294753;33.41
SSE;20150410;30.65618497;36.86
SSE;20150413;33.06010781;40.15
SSE;20150414;35.45457731;40.13
SSE;20150415;35.40914277;37.36
SSE;20150416;34.60081015;41.57
SSE;20150417;38.34365349;47.75
SSE;20150420;44.76234992;46.9
SSE;20150421;43.25727361;44.28
SSE;20150422;39.77664934;44.72
SSE;20150423;40.49555576;45.65
SSE;20150424;41.14771128;44.88
SSE;20150427;39.65032499;46.59
SSE;20150428;41.71704194;46.61
SSE;20150429;41.60189044;46.55
SSE;20150430;41.61097051;46.13
SSE;20150504;41.22794919;45.46
SSE;20150505;40.4161125;45.55
SSE;20150506;40.54623373;46.78
SSE;20150507;41.56346083;44.97
SSE;20150508;41.00814171;45.78
SSE;20150511;40.7983804;45.97
SSE;20150512;40.96610142;46.03
SSE;20150513;40.94459004;44.96
SSE;20150514;39.94258693;41.44
SSE;20150515;36.08768104;37.48
SSE;20150518;33.0917678;37.28
SSE;20150519;33.98220738;41.52
SSE;20150520;36.63715158;42.05
SSE;20150521;38.15712892;43.01
SSE;20150522;39.08401717;45.8
SSE;20150525;40.76046518;45.81
SSE;20150526;41.01099289;46.91
SSE;20150527;42.34000853;46.63
SSE;20150528;41.35864262;47.29
SSE;20150529;41.93477018;47.22
SSE;20150601;41.58024901;47.61
SSE;20150602;42.33924829;47.9
SSE;20150603;42.68755701;46.57
SSE;20150604;41.29466181;46.6
SSE;20150605;41.41915301;43.66
SSE;20150608;38.07338031;47.55
SSE;20150609;42.67058891;48.07
SSE;20150610;43.53289126;49.74
SSE;20150611;44.57150372;49.76
SSE;20150612;44.58870887;48.06
SSE;20150615;43.43721103;47.27
SSE;20150616;41.82167783;47.31
SSE;20150617;41.84444864;47.08
SSE;20150618;41.53044657;46.9
SSE;20150619;41.11110733;51.17
SSE;20150623;47.24763235;52.05
SSE;20150624;47.52565839;47.42
SSE;20150625;42.3214629;48.08
SSE;20150626;55.17551342;60.09
SSE;20150629;56.19377816;59.21
SSE;20150630;55.60316064;55.91
SSE;20150701;52.5580422;57.54
SSE;20150702;54.18539174;55.15
SSE;20150703;51.46501971;60.08
SSE;20150706;56.17415178;54.84
SSE;20150707;51.2340647;51.7
SSE;20150708;48.84944733;55.34
SSE;20150709;51.63818347;54.02
SSE;20150710;50.26930815;52.96
SSE;20150713;49.44709796;49.31
SSE;20150714;46.03567998;45.06
SSE;20150715;41.99783397;41.63
SSE;20150716;32.4437189;39.33
SSE;20150717;30.58179609;38.73
SSE;20150720;33.2491508;38.79
SSE;20150721;34.93265412;35.26
SSE;20150722;31.23565496;32.98
SSE;20150723;29.2502291;33.09
SSE;20150724;29.4735818;30.41
SSE;20150727;26.12989891;39.52
SSE;20150728;36.30408617;41.79
SSE;20150729;38.61551066;37.43
SSE;20150730;33.68474882;40.17
SSE;20150731;37.06409885;40.45
SSE;20150803;37.50057315;40.02
SSE;20150804;37.32227905;40.26
SSE;20150805;37.31313378;41.51
SSE;20150806;38.68048321;40.79
SSE;20150807;37.97424674;40.75
SSE;20150810;37.91532277;40.18
SSE;20150811;37.70345043;39.83
SSE;20150812;37.18734196;39.61
SSE;20150813;36.9392376;39.65
SSE;20150814;36.97969051;40.06
SSE;20150817;37.20931127;39.07
SSE;20150818;35.49609658;37.42
SSE;20150819;35.26438585;38.03
SSE;20150820;35.5971652;35.2
SSE;20150821;32.29775323;35.61
SSE;20150824;55.39281049;48.34
SSE;20150825;57.47405902;63.79
SSE;20150826;58.98867596;61.14
SSE;20150827;57.01381025;61.16
SSE;20150828;57.57519492;62.28
SSE;20150831;59.40633428;63.33
SSE;20150901;68.04720216;60.88
SSE;20150902;62.86109994;59.49
SSE;20150907;55.52932211;47.98
SSE;20150908;44.9550675;45.63
SSE;20150909;42.80739986;41.78
SSE;20150910;39.15696533;40.86
SSE;20150911;38.23113649;42.35
SSE;20150914;42.44838607;44.63
SSE;20150915;42.01320133;41.34
SSE;20150916;38.65946546;41.06
SSE;20150917;35.63974473;40.19
SSE;20150918;35.95412673;39.81
SSE;20150921;36.0050507;37.17
SSE;20150922;33.04738167;38.93
SSE;20150923;35.31529507;37.63
SSE;20150924;37.01568517;34.91
SSE;20150925;33.2734161;31.93
SSE;20150928;28.91548986;31.1
SSE;20150929;27.97728652;30.65
SSE;20150930;27.79435997;31.7
SSE;20151008;28.45257968;30.07
SSE;20151009;26.90485657;30.07
SSE;20151012;26.21102788;31.95
SSE;20151013;28.89293402;31.71
SSE;20151014;28.56651011;29.66
SSE;20151015;26.46331459;29.26
SSE;20151016;26.28195817;30.34
SSE;20151019;27.27121949;30.99
SSE;20151020;27.9096335;32.76
SSE;20151021;30.12962241;31.8
SSE;20151022;27.29036337;30.64
SSE;20151023;26.68700728;32.39
SSE;20151026;29.49140684;30.86
SSE;20151027;28.02935517;31.72
SSE;20151028;28.73726762;31.76
SSE;20151029;28.7871037;28.96
SSE;20151030;26.13648643;29.84
SSE;20151102;27.10823569;30.01
SSE;20151103;27.2187328;30.25
SSE;20151104;26.98959834;32.16
SSE;20151105;29.47004627;32.45
SSE;20151106;29.79905539;41.93
SSE;20151109;39.34899181;43.1
SSE;20151110;40.46505905;39.62
SSE;20151111;37.08051582;38.7
SSE;20151112;36.16335556;37.74
SSE;20151113;35.21331064;38.37
SSE;20151116;35.87974506;37.72
SSE;20151117;35.41236648;37.03
SSE;20151118;34.94253573;35.99
SSE;20151119;33.8600087;34.04
SSE;20151120;31.72444331;33.22
SSE;20151123;30.72612156;31.83
SSE;20151124;29.29235525;32.28
SSE;20151125;29.71928878;29.7
SSE;20151126;27.06628892;34.58
SSE;20151127;29.71222409;34.53
SSE;20151130;31.71280252;33.73
SSE;20151201;30.95766773;32.45
SSE;20151202;29.41540255;32.53
SSE;20151203;29.79756611;32.49
SSE;20151204;29.57289141;31.6
SSE;20151207;28.82706203;31.46
SSE;20151208;28.4712146;31.12
SSE;20151209;28.19027377;30.86
SSE;20151210;27.88993619;30.77
SSE;20151211;27.83373731;31.09
SSE;20151214;27.97579478;30.47
SSE;20151215;27.67990769;30.28
SSE;20151216;27.70430508;29.27
SSE;20151217;20.48487561;26.08
SSE;20151218;17.80417226;26.61
SSE;20151221;20.62514669;27.69
SSE;20151222;23.27549282;28.04
SSE;20151223;24.15499145;27.19
SSE;20151224;25.95460951;26.28
SSE;20151225;24.44566053;28.13
SSE;20151228;25.13301272;27.28
SSE;20151229;24.46854593;27.46
SSE;20151230;24.66089565;27.95
SSE;20151231;25.15546602;33.44
SSE;20160104;26.4696773;32.18
SSE;20160105;29.21067326;31.51
SSE;20160106;28.44654718;23.33
SSE;20160107;27.43496214;35.22
SSE;20160108;31.96256637;33.81
SSE;20160111;29.76027141;35.91
SSE;20160112;32.88445985;34.72
SSE;20160113;31.13069446;37.8
SSE;20160114;34.6520121;35.49
SSE;20160115;31.60127415;37.24
SSE;20160118;33.74611457;37.35
SSE;20160119;33.880196;36.81
SSE;20160120;34.05435411;35.12
SSE;20160121;29.82992023;34.87
SSE;20160122;30.48586189;34.74
SSE;20160125;31.19762776;32.02
SSE;20160126;27.0814838;38.46
SSE;20160127;34.96624821;37.67
SSE;20160128;33.82652115;38.95
SSE;20160129;35.16468743;36.37
SSE;20160201;33.01743077;35.14
SSE;20160202;31.79858322;34.8
SSE;20160203;31.40528123;34.52
SSE;20160204;31.20554542;35.38
SSE;20160205;32.00355504;37.39
SSE;20160215;34.2684845;36.65
SSE;20160216;33.4994558;35.5
SSE;20160217;32.33402314;33.79
SSE;20160218;30.75490124;32.22
SSE;20160219;29.29668925;31.44
SSE;20160222;28.27692996;32.38
SSE;20160223;29.25520456;32.48
SSE;20160224;29.40921791;33.85
SSE;20160225;29.36428234;32.53
SSE;20160226;29.17994657;32.63
SSE;20160229;28.98861345;31.51
SSE;20160301;28.09647192;33.15
SSE;20160302;29.36785853;33.12
SSE;20160303;30.20481875;33.01
SSE;20160304;29.91315175;33.82
SSE;20160307;30.74601353;33.42
SSE;20160308;30.30779332;33.47
SSE;20160309;30.28904848;33.64
SSE;20160310;30.37689452;33.64
SSE;20160311;30.38960277;33.28
SSE;20160314;30.00756909;32.64
SSE;20160315;30.24933168;31.89
SSE;20160316;29.09336786;31.25
SSE;20160317;27.43632912;31.16
SSE;20160318;27.41701052;31.56
SSE;20160321;27.75935213;33.11
SSE;20160322;30.29540042;34.04
SSE;20160323;31.27025466;32.9
SSE;20160324;31.66189235;30.98
SSE;20160325;28.95078962;31.1
SSE;20160328;27.95782796;31.21
SSE;20160329;28.06976658;30.87
SSE;20160330;27.43735898;30.96
SSE;20160331;27.76644254;30.5
SSE;20160401;27.29163243;30.19
SSE;20160405;26.96279349;29.96
SSE;20160406;26.81676737;28.8
SSE;20160407;25.60938029;27.66
SSE;20160408;24.7010586;27.63
SSE;20160411;24.24942551;26.65
SSE;20160412;23.5137393;26.5
SSE;20160413;23.5803256;26.06
SSE;20160414;22.81354431;26.05
SSE;20160415;22.83450981;26.19
SSE;20160418;23.05123545;25.49
SSE;20160419;22.39059706;25.62
SSE;20160420;22.54812753;25.05
SSE;20160421;21.25222203;24.52
SSE;20160422;20.8937344;25.16
SSE;20160425;22.0310051;25.53
SSE;20160426;22.45805402;25.47
SSE;20160427;22.41903744;24.4
SSE;20160428;21.42160772;23.58
SSE;20160429;20.67815377;23.41
SSE;20160503;20.56965126;22.86
SSE;20160504;20.03568314;22.53
SSE;20160505;19.74805506;23.49
SSE;20160506;20.45554699;26.11
SSE;20160509;23.14504507;24.89
SSE;20160510;21.97150564;23.47
SSE;20160511;20.59199343;23.45
SSE;20160512;20.68097888;22.79
SSE;20160513;20.02200689;22.5
SSE;20160516;20.36620436;22.03
SSE;20160517;19.32213592;22.13
SSE;20160518;19.32451333;21.42
SSE;20160519;18.6370517;20.54
SSE;20160520;17.74563945;19.82
SSE;20160523;17.03584274;19.64
SSE;20160524;16.86284203;20.28
SSE;20160525;17.51254855;18.9
SSE;20160526;16.05020902;18.37
SSE;20160527;15.52085837;18.57
SSE;20160530;15.88595699;21.51
SSE;20160531;18.23118822;20.86
SSE;20160601;18.16607752;20.69
SSE;20160602;17.88811612;20.79
SSE;20160603;18.00202637;20.88
SSE;20160606;18.10676204;20.67
SSE;20160607;17.93656859;21.01
SSE;20160608;18.23684095;23.06
SSE;20160613;19.52943543;21.88
SSE;20160614;18.98282227;19.7
SSE;20160615;16.93485612;19.34
SSE;20160616;15.20512178;18.49
SSE;20160617;14.80295575;19.33
SSE;20160620;16.17206596;19.24
SSE;20160621;16.10297694;19.84
SSE;20160622;16.80204424;20.34
SSE;20160623;18.00623679;20.71
SSE;20160624;18.16146646;20.43
SSE;20160627;17.46373309;19.67
SSE;20160628;16.64980684;19.23
SSE;20160629;16.0939764;18.58
SSE;20160630;15.72469389;18.21
SSE;20160701;15.39326275;18.27
SSE;20160704;15.34189396;18.64
SSE;20160705;15.82323324;18.65
SSE;20160706;15.82416499;19.3
SSE;20160707;16.45187953;19.3
SSE;20160708;16.4429067;19
SSE;20160711;16.21017127;18.91
SSE;20160712;15.89179184;19.69
SSE;20160713;16.98205502;19.49
SSE;20160714;16.78454091;19.55
SSE;20160715;16.85340115;20.31
SSE;20160718;17.56413639;20.4
SSE;20160719;17.5431503;20.22
SSE;20160720;17.51007001;20.27
SSE;20160721;17.38434207;20
SSE;20160722;17.15946949;19.87
SSE;20160725;17.112048;19.46
SSE;20160726;16.57807385;20.32
SSE;20160727;17.29543345;18.89
SSE;20160728;16.15561626;18.75
SSE;20160729;16.03222376;18.76
SSE;20160801;16.07521598;18.29
SSE;20160802;15.5859837;17.84
SSE;20160803;15.17594327;17.45
SSE;20160804;14.84903019;17.11
SSE;20160805;14.57511393;17.01
SSE;20160808;14.4872839;16.64
SSE;20160809;14.06015014;16.65
SSE;20160810;14.10589278;16.8
SSE;20160811;14.21922638;17.69
SSE;20160812;14.24748001;20.19
SSE;20160815;16.44552639;19.36
SSE;20160816;16.64327704;19.34
SSE;20160817;16.85814569;19.48
SSE;20160818;16.97914534;19.45
SSE;20160819;17.12019257;19.73
SSE;20160822;17.40718167;19.42
SSE;20160823;17.04086177;19.47
SSE;20160824;16.92442657;19.71
SSE;20160825;17.88257675;19.6
SSE;20160826;17.48557229;20.12
SSE;20160829;17.49472575;20.1
SSE;20160830;17.41065531;20.47
SSE;20160831;17.720566;20.53
SSE;20160901;17.70452145;20.38
SSE;20160902;17.64031782;20.34
SSE;20160905;17.5652429;20.14
SSE;20160906;17.39889137;20.12
SSE;20160907;17.38878836;19.66
SSE;20160908;16.93964713;18.6
SSE;20160909;15.90839066;19.31
SSE;20160912;16.12649891;17.55
SSE;20160913;14.89074413;17.63
SSE;20160914;14.910489;17.45
SSE;20160919;14.75323532;17.06
SSE;20160920;14.36035593;17.35
SSE;20160921;14.6548534;16.26
SSE;20160922;13.6781445;15.81
SSE;20160923;13.30383174;16.3
SSE;20160926;13.49869198;16.5
SSE;20160927;13.52127972;16.59
SSE;20160928;13.90560117;15.44
SSE;20160929;12.57161643;16.31
SSE;20160930;13.63046424;16.78
SSE;20161010;14.11113758;16.13
SSE;20161011;13.45607783;16.08
SSE;20161012;13.45671772;15.78
SSE;20161013;13.1709428;15.21
SSE;20161014;12.58562645;14.88
SSE;20161017;12.32732768;15.24
SSE;20161018;12.56287355;15.64
SSE;20161019;13.22025518;15.19
SSE;20161020;12.55169233;14.97
SSE;20161021;12.51561826;15.91
SSE;20161024;13.25034263;16.14
SSE;20161025;13.47297765;16.37
SSE;20161026;13.89783549;15.97
SSE;20161027;13.65167819;16.11
SSE;20161028;13.81879521;16.11
SSE;20161031;14.11402101;16.35
SSE;20161101;14.1235066;16.68
SSE;20161102;14.79739229;17.74
SSE;20161103;15.27515274;17.86
SSE;20161104;15.43774328;19.01
SSE;20161107;16.52424143;18.59
SSE;20161108;17.2901266;18.37
SSE;20161109;16.15746142;17.03
SSE;20161110;15.57159711;16.27
SSE;20161111;14.55840572;17
SSE;20161114;15.05163718;16.92
SSE;20161115;15.16785931;16.6
SSE;20161116;14.97781772;16.24
SSE;20161117;13.85062426;15.87
SSE;20161118;13.62617441;15.65
SSE;20161121;13.02704257;16.14
SSE;20161122;13.92323684;16.35
SSE;20161123;14.18979798;16.13
SSE;20161124;14.25287769;16.03
SSE;20161125;14.04671109;15.62
SSE;20161128;15.80736526;14.86
SSE;20161129;15.24189875;16.39
SSE;20161130;15.90043993;15.83
SSE;20161201;15.69133308;16.22
SSE;20161202;15.69188416;16.32
SSE;20161205;15.87437808;15.67
SSE;20161206;15.72450985;15.15
SSE;20161207;15.44491488;14.15
SSE;20161208;14.52889669;14.55
SSE;20161209;14.54119049;15.44
SSE;20161212;15.88861192;15.43
SSE;20161213;15.75764052;15.85
SSE;20161214;16.01167349;17.17
SSE;20161215;17.16852918;16.48
SSE;20161216;16.43278972;16.97
SSE;20161219;16.55340664;18.42
SSE;20161220;17.72384812;17.38
SSE;20161221;17.00355278;17.66
SSE;20161222;17.3359422;17.51
SSE;20161223;16.87691991;17.63
SSE;20161226;17.31979148;18.41
SSE;20161227;17.91845084;18.28
SSE;20161228;17.68677559;17.34
SSE;20161229;16.94289457;17.22
SSE;20161230;16.88122429;15.86
SSE;20170103;15.97221082;14.74
SSE;20170104;15.04997535;14.73
SSE;20170105;14.95373982;14.49
SSE;20170106;14.64977088;14.12
SSE;20170109;14.31009001;13.83
SSE;20170110;13.94231903;13.78
SSE;20170111;13.82696784;13.79
SSE;20170112;13.51691071;13.29
SSE;20170113;13.35231356;13.34
SSE;20170116;13.49725137;12.32
SSE;20170117;12.41777616;12.07
SSE;20170118;12.27260323;12.08
SSE;20170119;11.5681668;11.7
SSE;20170120;9.248786878;11.66
SSE;20170123;11.66436331;11.63
SSE;20170124;11.61597301;11.43
SSE;20170125;11.42020444;11.32
SSE;20170126;11.34753085;12.43
SSE;20170203;12.18606972;12.51
SSE;20170206;12.31319575;11.92
SSE;20170207;12.18067672;12.78
SSE;20170208;12.54608677;12.63
SSE;20170209;12.49248487;12.44
SSE;20170210;12.42041376;12.04
SSE;20170213;12.23793426;11.37
SSE;20170214;11.5336854;11.1
SSE;20170215;11.24838683;11.19
SSE;20170216;11.31537046;11.64
SSE;20170217;11.55020543;12.05
SSE;20170220;12.73437614;12.29
SSE;20170221;12.8259753;11.87
SSE;20170222;12.53498925;11.06
SSE;20170223;11.55659292;11.24
SSE;20170224;11.73337886;12.1
SSE;20170227;12.11342931;11.94
SSE;20170228;12.09381215;11.72
SSE;20170301;11.94468431;12.03
SSE;20170302;11.96278083;11.34
SSE;20170303;11.89170423;11.79
SSE;20170306;11.57510948;11.6
SSE;20170307;11.55363161;10.82
SSE;20170308;10.81807125;10.57
SSE;20170309;10.89053496;10.29
SSE;20170310;10.55130862;10.63
SSE;20170313;10.65150987;10.78
SSE;20170314;10.66360255;11.49
SSE;20170315;11.36834096;10.34
SSE;20170316;9.270648899;10.12
SSE;20170317;9.093182497;10.1
SSE;20170320;9.470223457;10.11
SSE;20170321;9.756722452;10.1
SSE;20170322;9.76946331;9.45
SSE;20170323;9.557450016;9.43
SSE;20170324;9.547993708;10.25
SSE;20170327;10.25749796;10.35
SSE;20170328;10.35060175;10.04
SSE;20170329;10.03890069;9.93
SSE;20170330;9.995753219;9.65
SSE;20170331;9.654630473;10.07
SSE;20170405;10.1388723;10.09
SSE;20170406;10.10566037;10.05
SSE;20170407;10.04212762;10.12
SSE;20170410;10.10250526;9.98
SSE;20170411;9.984728587;9.97
SSE;20170412;9.97878076;9.99
SSE;20170413;9.981450121;10.42
SSE;20170414;10.42041287;10.25
SSE;20170417;10.25333001;10.31
SSE;20170418;10.2376362;10.67
SSE;20170419;10.56786098;10.19
SSE;20170420;10.13085191;9.72
SSE;20170421;9.608612564;10.07
SSE;20170424;10.09979528;9.67
SSE;20170425;9.762378945;9.29
SSE;20170426;9.391426884;9.1
SSE;20170427;9.218694631;9.13
SSE;20170428;9.219821823;9.09
SSE;20170502;9.257270762;9.06
SSE;20170503;9.23535115;9
SSE;20170504;9.146399502;9.29
SSE;20170505;9.346084602;9.25
SSE;20170508;9.370548403;8.84
SSE;20170509;9.013623468;8.38
SSE;20170510;8.628900051;8.31
SSE;20170511;8.778719945;8.75
SSE;20170512;8.877041512;8.87
SSE;20170515;9.116815515;8.67
SSE;20170516;9.025871831;8.56
SSE;20170517;8.676568552;8.49
SSE;20170518;8.962568952;8.64
SSE;20170519;9.087650518;8.47
SSE;20170522;9.084018838;8.59
SSE;20170523;9.849312156;8.7
SSE;20170524;9.888763694;12.35
SSE;20170525;13.10638572;10.88
SSE;20170526;11.17647099;12.03
SSE;20170531;12.5002488;12.12
SSE;20170601;12.73620166;12.9
SSE;20170602;12.88886968;12.46
SSE;20170605;12.42876318;12.48
SSE;20170606;12.49346857;13.83
SSE;20170607;13.79886122;14.23
SSE;20170608;14.2313726;15.09
SSE;20170609;15.09629874;15.45
SSE;20170612;15.45089411;15.09
SSE;20170613;15.09108853;14.49
SSE;20170614;14.4285201;13.9
SSE;20170615;13.8920676;13.28
SSE;20170616;13.28476648;13.69
SSE;20170619;13.67362066;13.99
SSE;20170620;13.96674723;13.37
SSE;20170621;13.36623253;13.61
SSE;20170622;13.83022193;13.9
SSE;20170623;14.08587525;15.38
SSE;20170626;15.38187835;14.86
SSE;20170627;14.85954331;15.04
SSE;20170628;15.06775837;14.47
SSE;20170629;14.47024518;14.4
SSE;20170630;14.4061198;14.07
SSE;20170703;13.94699664;13.3
SSE;20170704;13.12090674;14.22
SSE;20170705;14.22768187;13.82
SSE;20170706;13.82973578;13.88
SSE;20170707;13.87985195;13.9
SSE;20170710;13.89996215;13.73
SSE;20170711;13.73021171;14.78
SSE;20170712;14.77152876;14.78
SSE;20170713;14.76997652;15.76
SSE;20170714;15.76723078;17.35
SSE;20170717;17.34997554;16.92
SSE;20170718;16.92858116;16.99
SSE;20170719;16.0474171;17.2
SSE;20170720;17.27774155;16.15
SSE;20170721;16.13235085;15.71
SSE;20170724;15.7146765;15.38
SSE;20170725;15.38243178;15.93
SSE;20170726;15.91313169;15.88
SSE;20170727;15.8803563;15.57
SSE;20170728;15.58861357;15.75
SSE;20170731;15.73446771;15.06
SSE;20170801;15.08793547;14.82
SSE;20170802;14.82926846;15.27
SSE;20170803;15.28438966;14.94
SSE;20170804;14.93357962;15.37
SSE;20170807;15.3903436;14.99
SSE;20170808;14.98199581;14.25
SSE;20170809;14.25870281;13.68
SSE;20170810;13.68950887;14.6
SSE;20170811;14.60871802;14.27
SSE;20170814;14.30049993;14
SSE;20170815;14.0047836;13.92
SSE;20170816;13.89119021;13.69
SSE;20170817;13.70410823;13.46
SSE;20170818;13.43850137;13.1
SSE;20170821;13.19044026;12.46
SSE;20170822;12.55383209;13.11
SSE;20170823;13.0704843;12.78
SSE;20170824;13.16505288;13.83
SSE;20170825;14.31839037;14.32
SSE;20170828;14.36914812;14.94
SSE;20170829;14.91961273;14.67
SSE;20170830;14.66497671;14.59
SSE;20170831;14.58729971;14.5
SSE;20170901;14.58159627;15.01
SSE;20170904;15.14417079;14.99
SSE;20170905;14.97508629;15.22
SSE;20170906;15.3940361;14.71
SSE;20170907;14.69801789;14.46
SSE;20170908;14.47133991;15.11
SSE;20170911;15.13496199;15.17
SSE;20170912;15.16997433;15.31
SSE;20170913;15.29124396;14.06
SSE;20170914;14.03373787;13.62
SSE;20170915;13.57683561;13.7
SSE;20170918;13.68220163;12.94
SSE;20170919;13.48173186;12.81
SSE;20170920;13.34427674;12.75
SSE;20170921;12.8020266;12.59
SSE;20170922;12.6200821;12.82
SSE;20170925;12.83376773;12.73
SSE;20170926;12.65869993;12.31
SSE;20170927;12.33118109;10.53
SSE;20170928;10.53882198;11.12
SSE;20170929;10.95309516;11.58
SSE;20171009;11.58914856;11.64
SSE;20171010;11.64717645;11.06
SSE;20171011;11.37088772;10.68
SSE;20171012;10.68238712;10.66
SSE;20171013;10.67325287;10.55
SSE;20171016;10.54257307;10.66
SSE;20171017;10.64977422;10.26
SSE;20171018;10.26840851;10.46
SSE;20171019;10.47473834;10.46
SSE;20171020;10.47637863;10.33
SSE;20171023;10.3546237;11.59
SSE;20171024;11.53381297;11.35
SSE;20171025;11.38148041;11.16
SSE;20171026;11.32890046;10.72
SSE;20171027;10.72705382;11.59
SSE;20171030;11.72008082;10.93
SSE;20171031;11.10528701;10.62
SSE;20171101;11.01626162;10.57
SSE;20171102;10.86729325;10.41
SSE;20171103;10.71742187;10.67
SSE;20171106;11.22793105;10.41
SSE;20171107;11.45418382;10.76
SSE;20171108;11.7721035;10.86
SSE;20171109;11.77608676;11.43
SSE;20171110;11.47591213;11.52
SSE;20171113;12.80285407;12.21
SSE;20171114;11.93473018;12.31
SSE;20171115;12.43557657;12.03
SSE;20171116;11.8804031;12.65
SSE;20171117;12.16970113;14.56
SSE;20171120;14.03318995;14.54
SSE;20171121;14.97592941;15.36
SSE;20171122;16.08552901;16.1
SSE;20171123;16.01604858;16.92
SSE;20171124;16.492091;18.02
SSE;20171127;17.35412054;15.06
SSE;20171128;15.05876146;15.68
SSE;20171129;15.3629864;16.8
SSE;20171130;16.07662246;17.99
SSE;20171201;17.40035242;16.03
SSE;20171204;16.03031091;15.33
SSE;20171205;15.32961958;16.24
SSE;20171206;16.14677411;15.75
SSE;20171207;15.59729905;15.03
SSE;20171208;15.17033584;14.68
SSE;20171211;14.68780566;15.24
SSE;20171212;15.24414175;15.15
SSE;20171213;15.15627992;15
SSE;20171214;14.98206756;15.18
SSE;20171215;14.98101893;15.35
SSE;20171218;15.34745462;15.12
SSE;20171219;15.57112528;15.31
SSE;20171220;15.31059271;14.76
SSE;20171221;14.99701305;14.69
SSE;20171222;14.90114594;15.32
SSE;20171225;15.30325394;15.13
SSE;20171226;15.02149348;16.79
SSE;20171227;16.80780063;15.51
SSE;20171228;15.55493566;14.27
SSE;20171229;14.3412107;15.03
SSE;20180102;14.64170398;14.81
SSE;20180103;14.50341511;14.67
SSE;20180104;14.41037867;14.45
SSE;20180105;13.93925379;14.81
SSE;20180108;14.22190773;14.27
SSE;20180109;13.66884926;14.64
SSE;20180110;13.60493967;14.95
SSE;20180111;13.96203655;14.32
SSE;20180112;13.21665702;15.46
SSE;20180115;14.78346414;15.99
SSE;20180116;16.37286564;16.9
SSE;20180117;17.19164011;18.89
SSE;20180118;18.309978;18.88
SSE;20180119;18.35525077;18.88
SSE;20180122;18.30331244;19.28
SSE;20180123;19.22258275;21.04
SSE;20180124;20.94249821;18.78
SSE;20180125;18.25026448;17.11
SSE;20180126;16.79648118;18.49
SSE;20180129;18.20717713;16.08
SSE;20180130;16.55982901;17.15
SSE;20180131;16.87222507;16.79
SSE;20180201;16.62030728;17.03
SSE;20180202;16.79873249;18.55
SSE;20180205;18.40062894;22.2
SSE;20180206;21.74152878;24.06
SSE;20180207;22.93978507;25.67
SSE;20180208;24.8505922;33.06
SSE;20180209;32.66906308;28.19
SSE;20180212;27.89667508;27.53
SSE;20180213;27.13681821;27.32
SSE;20180214;26.86471784;
SSE;20180222;25.57081682;
SSE;20180223;23.00809388;
SSE;20180226;23.50369546;
SSE;20180227;24.67677982;
SSE;20180228;25.23872169;
SSE;20180301;23.3055071;
SSE;20180302;23.11971544;
SSE;20180305;21.7770632;
SSE;20180306;20.70454318;
SSE;20180307;21.61361121;
SSE;20180308;20.47904499;
SSE;20180309;19.96736028;
SSE;20180312;20.87112935;
SSE;20180313;21.4767503;
SSE;20180314;20.69919427;
SSE;20180315;20.03743003;
SSE;20180316;20.51115522;
SSE;20180319;20.680934;
SSE;20180320;20.44853028;
SSE;20180321;20.96321;
SSE;20180322;20.60832435;
SSE;20180323;25.1010158;
SSE;20180326;24.61633621;
SSE;20180327;23.59810069;
SSE;20180328;24.80540918;
SSE;20180329;24.95445442;
SSE;20180330;24.93510512;
SSE;20180402;24.73620921;
SSE;20180403;24.66521725;
SSE;20180404;24.40651505;
SSE;20180409;24.95900199;
SSE;20180410;23.4070906;
SSE;20180411;23.91364343;
SSE;20180412;24.34055088;
SSE;20180413;24.649696;
SSE;20180416;25.55646309;
SSE;20180417;25.6275404;
SSE;20180418;25.26393384;
SSE;20180419;23.54709793;
SSE;20180420;22.80887332;
SSE;20180423;22.85215075;
SSE;20180424;23.08921782;
SSE;20180425;22.76252262;
SSE;20180426;22.93863956;
SSE;20180427;23.73356239;
SSE;20180502;25.407767;
SSE;20180503;25.59279685;
SSE;20180504;25.85440731;
SSE;20180507;25.68308402;
SSE;20180508;24.48873983;
SSE;20180509;23.95891432;
SSE;20180510;22.58289001;
SSE;20180511;22.31159222;
SSE;20180514;20.82247384;
SSE;20180515;19.84243904;
SSE;20180516;20.31566295;
SSE;20180517;19.08541819;
SSE;20180518;18.53799316;
SSE;20180521;18.19599795;
SSE;20180522;18.01585162;
SSE;20180523;19.03571908;
SSE;20180524;18.39749237;
SSE;20180525;18.23299957;
SSE;20180528;18.47362325;
SSE;20180529;18.68011037;
SSE;20180530;21.47455678;
SSE;20180531;20.33851932;
SSE;20180601;20.42849527;
SSE;20180604;19.68547069;
SSE;20180605;19.13427176;
SSE;20180606;19.0501444;
SSE;20180607;18.4893043;
SSE;20180608;19.43174632;
SSE;20180611;20.17697553;
SSE;20180612;19.22804072;
SSE;20180613;19.45704447;
SSE;20180614;19.88599716;
SSE;20180615;20.36098989;
SSE;20180619;23.9332851;
SSE;20180620;21.3920227;
SSE;20180621;20.20447768;
SSE;20180622;19.8589776;
SSE;20180625;20.88015407;
SSE;20180626;21.31040321;
SSE;20180627;23.01943177;
SSE;20180628;23.5533968;
SSE;20180629;21.82700811;
SSE;20180702;25.52242137;
SSE;20180703;26.33308178;
SSE;20180704;26.92666437;
SSE;20180705;27.20744535;
SSE;20180706;26.23676639;
SSE;20180709;23.63462191;
SSE;20180710;23.54984731;
SSE;20180711;25.60578239;
SSE;20180712;24.05930911;
SSE;20180713;23.8386748;
SSE;20180716;23.65463948;
SSE;20180717;23.1964526;
SSE;20180718;22.41114165;
SSE;20180719;21.45368573;
SSE;20180720;21.24372376;
SSE;20180723;22.5010105;
SSE;20180724;23.77228616;
SSE;20180725;24.01152991;
SSE;20180726;23.16233445;
SSE;20180727;22.13080133;
SSE;20180730;22.49252134;
SSE;20180731;22.41186899;
SSE;20180801;24.19635281;
SSE;20180802;25.16115496;
SSE;20180803;25.23982393;
SSE;20180806;26.0445755;
SSE;20180807;25.52006115;
SSE;20180808;25.77453693;
SSE;20180809;25.68573124;
SSE;20180810;24.92751486;
SSE;20180813;25.64624329;
SSE;20180814;25.54608294;
SSE;20180815;26.30231644;
SSE;20180816;26.47467839;
SSE;20180817;26.40097049;
SSE;20180820;26.82675747;
SSE;20180821;24.33256394;
SSE;20180822;23.70313393;
SSE;20180823;23.0968731;
SSE;20180824;22.72930362;
SSE;20180827;22.33827993;
SSE;20180828;22.39986895;
SSE;20180829;22.76261223;
SSE;20180830;22.91517077;
SSE;20180831;22.74254452;
SSE;20180903;23.29680276;
SSE;20180904;22.50872252;
SSE;20180905;23.74112763;
SSE;20180906;23.99899929;
SSE;20180907;23.89133775;
SSE;20180910;24.82666031;
SSE;20180911;24.27969788;
SSE;20180912;24.23345465;
SSE;20180913;23.49113663;
SSE;20180914;21.91088565;
SSE;20180917;21.27770266;
SSE;20180918;20.67779157;
SSE;20180919;19.55730218;
SSE;20180920;18.72046138;
SSE;20180921;19.35531382;
SSE;20180925;20.80554636;
SSE;20180926;21.58602781;
SSE;20180927;20.83930994;
SSE;20180928;21.19188975;
SSE;20181008;23.30419641;
SSE;20181009;23.4280195;
SSE;20181010;23.39576684;
SSE;20181011;25.76919023;
SSE;20181012;26.2086038;
SSE;20181015;27.28672363;
SSE;20181016;27.05554035;
SSE;20181017;26.91526223;
SSE;20181018;28.85439932;
SSE;20181019;26.77349523;
SSE;20181022;26.74857916;
SSE;20181023;28.20133728;
SSE;20181024;28.20748954;
SSE;20181025;29.33325257;
SSE;20181026;30.4440341;
SSE;20181029;31.99070527;
SSE;20181030;32.12373642;
SSE;20181031;31.46948913;
SSE;20181101;30.41306285;
SSE;20181102;28.97032245;
SSE;20181105;30.72346375;
SSE;20181106;31.57459886;
SSE;20181107;31.79071386;
SSE;20181108;31.25767655;
SSE;20181109;31.64684713;
SSE;20181112;32.40007295;
SSE;20181113;31.37117595;
SSE;20181114;31.46719539;
SSE;20181115;30.27195118;
SSE;20181116;29.55905405;
SSE;20181119;29.41203115;
SSE;20181120;28.43020269;
SSE;20181121;28.36063935;
SSE;20181122;27.5559254;
SSE;20181123;26.62142149;
SSE;20181126;26.45108795;
SSE;20181127;25.41188239;
SSE;20181128;24.5106421;
SSE;20181129;24.38378512;
SSE;20181130;25.320623;
SSE;20181203;22.26513962;
SSE;20181204;20.73967609;
SSE;20181205;20.80479967;
SSE;20181206;21.04530559;
SSE;20181207;19.99622477;
SSE;20181210;20.59779614;
SSE;20181211;20.90996265;
SSE;20181212;20.39741178;
SSE;20181213;19.46491078;
SSE;20181214;19.74362382;
SSE;20181217;20.68140351;
SSE;20181218;21.17667311;
SSE;20181219;21.60952147;
SSE;20181220;23.86208881;
SSE;20181221;24.55661999;
SSE;20181224;23.46758565;
SSE;20181225;24.2199149;
SSE;20181226;23.69213031;
SSE;20181227;23.29763712;
SSE;20181228;23.06531636;
SSE;20190102;22.53673081;
SSE;20190103;22.27675953;
SSE;20190104;21.56581435;
SSE;20190107;21.94464992;
SSE;20190108;20.94685459;
SSE;20190109;19.35052032;
SSE;20190110;19.11411227;
SSE;20190111;18.64438413;
SSE;20190114;18.84661041;
SSE;20190115;17.98619224;
SSE;20190116;17.03569858;
SSE;20190117;16.19498926;
SSE;20190118;16.62263569;
SSE;20190121;18.83463659;
SSE;20190122;16.81320272;
SSE;20190123;16.5273784;
SSE;20190124;15.00684755;
SSE;20190125;14.99410093;
SSE;20190128;16.76040073;
SSE;20190129;18.15122079;
SSE;20190130;18.75981376;
SSE;20190131;18.50704539;
SSE;20190201;18.91533513;
SSE;20190211;19.07309048;
SSE;20190212;18.77995226;
SSE;20190213;19.98984496;
SSE;20190214;21.47967232;
SSE;20190215;20.64797098;
SSE;20190218;21.95351717;
SSE;20190219;22.83225892;
SSE;20190220;23.33981405;
SSE;20190221;23.51298915;
SSE;20190222;22.96563653;
SSE;20190225;26.95534164;
SSE;20190226;31.1093456;
SSE;20190227;30.92307184;
SSE;20190228;28.55839586;
SSE;20190301;27.53554074;
SSE;20190304;29.9958291;
SSE;20190305;30.72137069;
SSE;20190306;31.70840118;
SSE;20190307;32.92692832;
SSE;20190308;33.15842827;
SSE;20190311;30.33151234;
SSE;20190312;30.40300367;
SSE;20190313;30.33152408;
SSE;20190314;29.19667682;
SSE;20190315;27.46214014;
SSE;20190318;28.32468096;
SSE;20190319;28.96337545;
SSE;20190320;29.0319613;
SSE;20190321;30.23779774;
SSE;20190322;29.73909437;
SSE;20190325;27.45373489;
SSE;20190326;25.84401378;
SSE;20190327;24.92092742;
SSE;20190328;23.61363516;
SSE;20190329;24.57120733;
SSE;20190401;26.56814908;
SSE;20190402;28.33489963;
SSE;20190403;27.67147504;
SSE;20190404;29.29818711;
SSE;20190408;31.33986857;
SSE;20190409;29.50807983;
SSE;20190410;29.63624451;
SSE;20190411;29.7991667;
SSE;20190412;27.24568443;
SSE;20190415;27.34897978;
SSE;20190416;26.71015073;
SSE;20190417;27.77472804;
SSE;20190418;27.74440417;
SSE;20190419;27.25612343;
SSE;20190422;28.7002009;
SSE;20190423;26.79138909;
SSE;20190424;26.27473466;
SSE;20190425;26.16861973;
SSE;20190426;25.53252827;
SSE;20190429;24.8802593;
SSE;20190430;25.01157724;
SSE;20190506;29.2240953;
SSE;20190507;26.14160186;
SSE;20190508;27.24360132;
SSE;20190509;29.05004999;
SSE;20190510;28.98177761;
SSE;20190513;28.0813551;
SSE;20190514;26.94167547;
SSE;20190515;25.18746207;
SSE;20190516;24.37924621;
SSE;20190517;24.27455946;
SSE;20190520;23.79379857;
SSE;20190521;22.81315417;
SSE;20190522;21.860354;
SSE;20190523;22.85350771;
SSE;20190524;22.6860046;
SSE;20190527;23.50256269;
SSE;20190528;22.52142854;
SSE;20190529;21.59538534;
SSE;20190530;21.79809517;
SSE;20190531;22.50153148;
SSE;20190603;22.7834454;
SSE;20190604;23.38226142;
SSE;20190605;23.0039286;
SSE;20190606;22.93175494;
SSE;20190610;21.8081989;
SSE;20190611;20.66440917;
SSE;20190612;21.14059265;
SSE;20190613;20.78986733;
SSE;20190614;20.71505047;
SSE;20190617;20.63729409;
SSE;20190618;19.9309957;
SSE;20190619;18.85713456;
SSE;20190620;21.47098103;
SSE;20190621;24.25693632;
SSE;20190624;25.23611712;
SSE;20190625;25.54988777;
SSE;20190626;25.5469354;
SSE;20190627;25.56240602;
SSE;20190628;26.58144377;
SSE;20190701;24.02284988;
SSE;20190702;23.51732819;
SSE;20190703;22.60252619;
SSE;20190704;22.16993912;
SSE;20190705;22.8498145;
SSE;20190708;22.40283646;
SSE;20190709;21.49217398;
SSE;20190710;21.5171155;
SSE;20190711;21.92686345;
SSE;20190712;21.60096984;
SSE;20190715;21.73727351;
SSE;20190716;22.0871344;
SSE;20190717;21.70018265;
SSE;20190718;19.73324606;
SSE;20190719;21.24242761;
SSE;20190722;20.24996675;
SSE;20190723;19.33935113;
SSE;20190724;18.41985997;
SSE;20190725;17.30804864;
SSE;20190726;17.62937832;
SSE;20190729;18.62656303;
SSE;20190730;18.70864756;
SSE;20190731;19.31691249;
SSE;20190801;17.51043454;
SSE;20190802;18.31294848;
SSE;20190805;20.33660494;
SSE;20190806;22.0148985;
SSE;20190807;21.26958601;
SSE;20190808;20.75406172;
SSE;20190809;20.17107516;
SSE;20190812;20.48997297;
SSE;20190813;20.49627685;
SSE;20190814;19.78369307;
SSE;20190815;20.32908668;
SSE;20190816;20.24663178;
SSE;20190819;20.64139985;
SSE;20190820;20.49668756;
SSE;20190821;19.66073116;
SSE;20190822;19.45335008;
SSE;20190823;19.54718125;
SSE;20190826;21.00859259;
SSE;20190827;19.79480812;
SSE;20190828;19.70622158;
SSE;20190829;18.8393663;
SSE;20190830;18.87409822;
SSE;20190902;18.02550925;
SSE;20190903;18.00280644;
SSE;20190904;17.2882351;
SSE;20190905;17.81743372;
SSE;20190906;18.33330126;
SSE;20190909;19.36628971;
SSE;20190910;18.93068695;
SSE;20190911;18.86315205;
SSE;20190912;19.05772011;
SSE;20190916;17.82023486;
SSE;20190917;17.39639627;
SSE;20190918;16.98290036;
SSE;20190919;16.83994818;
SSE;20190920;16.16623091;
SSE;20190923;16.24402173;
SSE;20190924;15.74772036;
SSE;20190925;16.11736833;
SSE;20190926;16.11547719;
SSE;20190927;16.54738843;
SSE;20190930;17.13227603;
SSE;20191008;15.59601104;
SSE;20191009;14.86266629;
SSE;20191010;14.90593415;
SSE;20191011;15.01843102;
SSE;20191014;15.12182483;
SSE;20191015;14.76439934;
SSE;20191016;13.28057064;
SSE;20191017;14.92273982;
SSE;20191018;14.24335827;
SSE;20191021;13.67777987;
SSE;20191022;13.43208874;
SSE;20191023;13.43213509;
SSE;20191024;13.0619811;
SSE;20191025;12.82033618;
SSE;20191028;12.9098044;
SSE;20191029;13.10407695;
SSE;20191030;13.39379321;
SSE;20191031;13.54384586;
SSE;20191101;13.67057575;
SSE;20191104;13.78686744;
SSE;20191105;14.58418196;
SSE;20191106;14.06604932;
SSE;20191107;14.22952244;
SSE;20191108;13.85948889;
SSE;20191111;13.44627988;
SSE;20191112;12.78718031;
SSE;20191113;13.09859556;
SSE;20191114;13.35143553;
SSE;20191115;13.49161369;
SSE;20191118;11.16116749;
SSE;20191119;9.495738619;
SSE;20191120;10.9598003;
SSE;20191121;13.20754573;
SSE;20191122;14.08395649;
SSE;20191125;13.70414478;
SSE;20191126;13.76223687;
SSE;20191127;13.49172681;
SSE;20191128;12.89744148;
SSE;20191129;13.77769033;
SSE;20191202;13.09944061;
SSE;20191203;12.97696298;
SSE;20191204;13.02744165;
SSE;20191205;12.63613473;
SSE;20191206;12.1517358;
SSE;20191209;12.44989816;
SSE;20191210;12.39304213;
SSE;20191211;12.04261794;
SSE;20191212;12.34782768;
SSE;20191213;13.21151892;
SSE;20191216;12.82269608;
SSE;20191217;13.17976937;
SSE;20191218;13.52045906;
SSE;20191219;14.05828382;
SSE;20191220;13.84536573;
SSE;20191223;13.82654829;
SSE;20191224;12.93814106;
SSE;20191225;13.05395914;
SSE;20191226;12.56973968;
SSE;20191227;12.80358756;
SSE;20191230;14.8182763;
SSE;20191231;15.26306498;
SSE;20200102;15.68511106;
SSE;20200103;15.41157488;
SSE;20200106;15.83510288;
SSE;20200107;16.18903423;
SSE;20200108;15.13199404;
SSE;20200109;15.64260225;
SSE;20200110;15.31353539;
SSE;20200113;15.13874067;
SSE;20200114;14.84222414;
SSE;20200115;14.59906122;
SSE;20200116;12.2861243;
SSE;20200117;11.89325373;
SSE;20200120;13.24099099;
SSE;20200121;14.30221465;
SSE;20200122;13.41654183;
SSE;20200123;16.08818168;
SSE;20200203;29.38443509;
SSE;20200204;23.41263934;
SSE;20200205;20.82477744;
SSE;20200206;20.91720847;
SSE;20200207;22.24157337;
SSE;20200210;21.80419726;
SSE;20200211;19.97943412;
SSE;20200212;19.18208813;
SSE;20200213;19.59051637;
SSE;20200214;18.78011404;
SSE;20200217;18.76004215;
SSE;20200218;18.86832429;
SSE;20200219;19.25337142;
SSE;20200220;19.1804312;
SSE;20200221;20.3307807;
SSE;20200224;22.50025734;
SSE;20200225;22.84582059;
SSE;20200226;23.54060973;
SSE;20200227;20.11634996;
SSE;20200228;23.67755352;
SSE;20200302;21.12947639;
SSE;20200303;20.46436071;
SSE;20200304;20.4833833;
SSE;20200305;20.61295195;
SSE;20200306;22.23019764;
SSE;20200309;27.68033997;
SSE;20200310;26.98355785;
SSE;20200311;27.13478468;
SSE;20200312;29.5689134;
SSE;20200313;34.48187166;
SSE;20200316;34.45986892;
SSE;20200317;37.69503721;
SSE;20200318;31.1621641;
SSE;20200319;35.50213581;
SSE;20200320;33.36226498;
SSE;20200323;35.89076716;
SSE;20200324;34.21531298;
SSE;20200325;33.49466536;
SSE;20200326;32.43548181;
SSE;20200327;32.57020881;
SSE;20200330;31.55841147;
SSE;20200331;29.3143413;
SSE;20200401;27.59346087;
SSE;20200402;26.41313601;
SSE;20200403;27.31834415;
SSE;20200407;25.01748244;
SSE;20200408;23.90730797;
SSE;20200409;22.69565842;
SSE;20200410;21.94828262;
SSE;20200413;20.45768191;
SSE;20200414;19.69226299;
SSE;20200415;20.35477793;
SSE;20200416;18.10627409;
SSE;20200417;18.38592788;
SSE;20200420;19.56773399;
SSE;20200421;19.5922443;
SSE;20200422;19.43378219;
SSE;20200423;18.82364996;
SSE;20200424;18.69113355;
SSE;20200427;18.43178077;
SSE;20200428;18.49387801;
SSE;20200429;19.33446601;
SSE;20200430;21.19555123;
SSE;20200506;20.51336328;
SSE;20200507;19.50643627;
SSE;20200508;18.64037735;
SSE;20200511;18.95814852;
SSE;20200512;19.12644583;
SSE;20200513;18.96824735;
SSE;20200514;19.02469097;
SSE;20200515;18.7256087;
SSE;20200518;18.28981891;
SSE;20200519;17.598814;
SSE;20200520;17.76890197;
SSE;20200521;18.65257356;
SSE;20200522;21.73854139;
SSE;20200525;19.36867393;
SSE;20200526;18.86650946;
SSE;20200527;19.66384669;
SSE;20200528;19.36394482;
SSE;20200529;19.5964429;
SSE;20200601;17.51610179;
SSE;20200602;17.25635946;
SSE;20200603;17.85181143;
SSE;20200604;17.9959305;
SSE;20200605;17.33605573;
SSE;20200608;17.27272263;
SSE;20200609;17.29754278;
SSE;20200610;17.67893172;
SSE;20200611;18.18541606;
SSE;20200612;17.77397556;
SSE;20200615;19.16416019;
SSE;20200616;17.3439753;
SSE;20200617;17.61194936;
SSE;20200618;17.55505727;
SSE;20200619;17.88250465;
SSE;20200622;19.31066696;
SSE;20200623;19.67365608;
SSE;20200624;19.26631463;
SSE;20200629;17.90887035;
SSE;20200630;16.96657615;
SSE;20200701;17.39034784;
SSE;20200702;21.71757285;
SSE;20200703;24.05064489;
SSE;20200706;32.40715489;
SSE;20200707;31.79639115;
SSE;20200708;32.90788234;
SSE;20200709;32.93462359;
SSE;20200710;31.9150065;
SSE;20200713;29.00420811;
SSE;20200714;29.02981082;
SSE;20200715;29.72271;
SSE;20200716;32.83563817;
SSE;20200717;27.77558267;
SSE;20200720;28.58291911;
SSE;20200721;26.83202254;
SSE;20200722;26.40607646;
SSE;20200723;27.49259922;
SSE;20200724;30.32683531;
SSE;20200727;28.88507783;
SSE;20200728;28.38775569;
SSE;20200729;29.00274766;
SSE;20200730;29.15196097;
SSE;20200731;30.19619271;
SSE;20200803;31.17194235;
SSE;20200804;30.75083374;
SSE;20200805;30.84693826;
SSE;20200806;30.96673133;
SSE;20200807;30.10634446;
SSE;20200810;30.12894649;
SSE;20200811;29.16278636;
SSE;20200812;28.77575705;
SSE;20200813;28.31242155;
SSE;20200814;27.75285388;
SSE;20200817;30.63018592;
SSE;20200818;30.32774135;
SSE;20200819;29.34778286;
SSE;20200820;28.65168238;
SSE;20200821;28.52593144;
SSE;20200824;27.7611195;
SSE;20200825;27.25950695;
SSE;20200826;28.08805365;
SSE;20200827;26.01565948;
SSE;20200828;26.49816879;
SSE;20200831;26.14244034;
SSE;20200901;26.07655166;
SSE;20200902;26.51537745;
SSE;20200903;26.62944917;
SSE;20200904;26.39186604;
SSE;20200907;26.69078113;
SSE;20200908;26.11244554;
SSE;20200909;26.8083681;
SSE;20200910;25.15554082;
SSE;20200911;23.99561765;
SSE;20200914;22.73981924;
SSE;20200915;22.30455047;
SSE;20200916;21.5295199;
SSE;20200917;21.5970078;
SSE;20200918;22.92622108;
SSE;20200921;23.34435864;
SSE;20200922;23.58281319;
SSE;20200923;22.52788757;
SSE;20200924;24.05095669;
SSE;20200925;24.38668807;
SSE;20200928;25.62578416;
SSE;20200929;26.75771242;
SSE;20200930;27.19071105;
SSE;20201009;22.33856002;
SSE;20201012;24.15140374;
SSE;20201013;24.00398359;
SSE;20201014;23.26600406;
SSE;20201015;23.74963961;
SSE;20201016;23.5828186;
SSE;20201019;22.77387785;
SSE;20201020;22.14013322;
SSE;20201021;22.31010435;
SSE;20201022;22.48801773;
SSE;20201023;22.89676485;
SSE;20201026;22.8511652;
SSE;20201027;23.07413389;
SSE;20201028;22.62821881;
SSE;20201029;22.40555593;
SSE;20201030;23.21971104;
SSE;20201102;23.98955548;
SSE;20201103;23.76293256;
SSE;20201104;22.29479806;
SSE;20201105;21.84503531;
SSE;20201106;21.54776153;
SSE;20201109;22.29754512;
SSE;20201110;21.99581589;
SSE;20201111;21.41283224;
SSE;20201112;20.74059322;
SSE;20201113;20.48818355;
SSE;20201116;20.22066549;
SSE;20201117;19.79929922;
SSE;20201118;20.12491509;
SSE;20201119;21.87168706;
SSE;20201120;20.84775577;
SSE;20201123;22.07032745;
SSE;20201124;21.28503108;
SSE;20201125;20.87608093;
SSE;20201126;19.78819441;
SSE;20201127;20.4472914;
SSE;20201130;20.44972878;
SSE;20201201;23.00917734;
SSE;20201202;23.60986169;
SSE;20201203;23.43078144;
SSE;20201204;22.57802565;
SSE;20201207;21.39021993;
SSE;20201208;20.47850646;
SSE;20201209;19.81952517;
SSE;20201210;18.92098302;
SSE;20201211;19.61626759;
SSE;20201214;18.72608167;
SSE;20201215;18.73315265;
SSE;20201216;18.74778773;
SSE;20201217;18.83274206;
SSE;20201218;18.07543307;
SSE;20201221;19.72480475;
SSE;20201222;19.53298282;
SSE;20201223;19.31922999;
SSE;20201224;18.74127909;
SSE;20201225;18.55875175;
SSE;20201228;18.79627113;
SSE;20201229;19.20106083;
SSE;20201230;19.26105598;
SSE;20201231;20.30812036;
SSE;20210104;20.8924582;
SSE;20210105;20.76326799;
SSE;20210106;22.40668348;
SSE;20210107;25.39261438;
SSE;20210108;25.56272724;
SSE;20210111;23.29301078;
SSE;20210112;24.53494898;
SSE;20210113;24.29443991;
SSE;20210114;23.9259692;
SSE;20210115;22.13584929;
SSE;20210118;22.44305506;
SSE;20210119;22.65334282;
SSE;20210120;22.42032507;
SSE;20210121;23.5786621;
SSE;20210122;22.46540236;
SSE;20210125;23.25073263;
SSE;20210126;23.12819112;
SSE;20210127;22.64458381;
SSE;20210128;24.14364712;
SSE;20210129;24.29278863;
SSE;20210201;24.64414984;
SSE;20210202;22.86088715;
SSE;20210203;21.67785573;
SSE;20210204;22.65998164;
SSE;20210205;23.09981376;
SSE;20210208;23.37077303;
SSE;20210209;23.01027243;
SSE;20210210;24.23621599;
SSE;20210218;24.69807532;
SSE;20210219;22.34205634;
SSE;20210222;24.21118641;
SSE;20210223;23.66388746;
SSE;20210224;24.55037854;
SSE;20210225;22.8648946;
SSE;20210226;25.42326975;
SSE;20210301;23.97075417;
SSE;20210302;23.37031863;
SSE;20210303;23.10244263;
SSE;20210304;24.93359913;
SSE;20210305;25.6115576;
SSE;20210308;26.94672035;
SSE;20210309;26.64577637;
SSE;20210310;25.94827219;
SSE;20210311;24.01803979;
SSE;20210312;22.63369976;
SSE;20210315;23.33056772;
SSE;20210316;22.62387991;
SSE;20210317;22.7780892;
SSE;20210318;22.33445663;
SSE;20210319;23.43132549;
SSE;20210322;22.28011962;
SSE;20210323;21.41401076;
SSE;20210324;21.87925118;
SSE;20210325;21.106039;
SSE;20210326;20.11328575;
SSE;20210329;20.09685759;
SSE;20210330;20.10764374;
SSE;20210331;19.78000449;
SSE;20210401;19.05459068;
SSE;20210402;19.17742837;
SSE;20210406;19.48160594;
SSE;20210407;18.85255846;
SSE;20210408;18.76515739;
SSE;20210409;18.36547524;
SSE;20210412;19.25641826;
SSE;20210413;19.46325268;
SSE;20210414;19.11174802;
SSE;20210415;19.23660861;
SSE;20210416;18.92311768;
SSE;20210419;19.42057201;
SSE;20210420;19.49586264;
SSE;20210421;19.68600949;
SSE;20210422;19.34391239;
SSE;20210423;19.47619472;
SSE;20210426;20.31087993;
SSE;20210427;20.06082179;
SSE;20210428;19.72450913;
SSE;20210429;19.62757721;
SSE;20210430;19.30741297;
SSE;20210506;19.29820481;
SSE;20210507;19.09376602;
SSE;20210510;19.01782165;
SSE;20210511;19.2981661;
SSE;20210512;19.54684204;
SSE;20210513;19.66758971;
SSE;20210514;19.95526672;
SSE;20210517;20.8321161;
SSE;20210518;20.52020503;
SSE;20210519;19.81356324;
SSE;20210520;19.78029492;
SSE;20210521;19.57435607;
SSE;20210524;19.69164382;
SSE;20210525;21.5790789;
SSE;20210526;21.63334436;
SSE;20210527;22.60274488;
SSE;20210528;22.43313036;
SSE;20210531;22.85161391;
SSE;20210601;22.69971412;
SSE;20210602;21.26084585;
SSE;20210603;20.51021495;
SSE;20210604;20.63198103;
SSE;20210607;21.19867794;
SSE;20210608;21.70326033;
SSE;20210609;20.89304713;
SSE;20210610;20.08487082;
SSE;20210611;20.29365761;
SSE;20210615;19.89226871;
SSE;20210616;20.91698559;
SSE;20210617;19.49416584;
SSE;20210618;19.6738726;
SSE;20210621;20.37841429;
SSE;20210622;19.73639368;
SSE;20210623;18.3091598;
SSE;20210624;17.78818147;
SSE;20210625;18.00053046;
SSE;20210628;18.28776482;
SSE;20210629;18.06951399;
SSE;20210630;18.61653286;
SSE;20210701;18.2545082;
SSE;20210702;18.94764154;
SSE;20210705;18.19387011;
SSE;20210706;17.9648026;
SSE;20210707;17.5279974;
SSE;20210708;18.3738667;
SSE;20210709;18.26839548;
SSE;20210712;18.85376106;
SSE;20210713;18.56130684;
SSE;20210714;18.55874082;
SSE;20210715;18.27934229;
SSE;20210716;18.35199685;
SSE;20210719;18.49659976;
SSE;20210720;18.87017403;
SSE;20210721;18.34747291;
SSE;20210722;18.06062911;
SSE;20210723;18.01699565;
SSE;20210726;21.32921851;
SSE;20210727;23.19150842;
SSE;20210728;22.11533553;
SSE;20210729;20.5911744;
SSE;20210730;19.90704737;
SSE;20210802;20.16638307;
SSE;20210803;19.36391504;
SSE;20210804;19.57434609;
SSE;20210805;19.19489973;
SSE;20210806;18.7287604;
SSE;20210809;18.89169342;
SSE;20210810;19.40193495;
SSE;20210811;19.11661965;
SSE;20210812;19.1313934;
SSE;20210813;19.07968549;
SSE;20210816;19.39023106;
SSE;20210817;20.26390111;
SSE;20210818;19.27996917;
SSE;20210819;19.84306721;
SSE;20210820;21.23002109;
SSE;20210823;20.74926266;
SSE;20210824;19.81134952;
SSE;20210825;19.63900862;
SSE;20210826;19.8654003;
SSE;20210827;19.67404186;
SSE;20210830;20.39207735;
SSE;20210831;20.18682978;
SSE;20210901;20.63393798;
SSE;20210902;21.09719623;
SSE;20210903;20.90538358;
SSE;20210906;20.81534864;
SSE;20210907;20.857576;
SSE;20210908;21.07487635;
SSE;20210909;20.9048608;
SSE;20210910;20.6360303;
SSE;20210913;21.0179297;
SSE;20210914;20.55077053;
SSE;20210915;20.69243926;
SSE;20210916;21.34000787;
SSE;20210917;19.8560605;
SSE;20210922;21.38009857;
SSE;20210923;20.59616054;
SSE;20210924;19.53648282;
SSE;20210927;20.06507796;
SSE;20210928;20.36469339;
SSE;20210929;20.98360856;
SSE;20210930;21.1010687;
SSE;20211008;19.42088965;
SSE;20211011;19.25479794;
SSE;20211012;19.06305674;
SSE;20211013;19.1862943;
SSE;20211014;19.00617093;
SSE;20211015;18.69256392;
SSE;20211018;19.59279069;
SSE;20211019;18.66698301;
SSE;20211020;18.62559955;
SSE;20211021;18.88068627;
SSE;20211022;18.94115323;
SSE;20211025;19.58452396;
SSE;20211026;19.32313689;
SSE;20211027;19.17408189;
SSE;20211028;18.96863175;
SSE;20211029;18.7703062;
SSE;20211101;19.28720443;
SSE;20211102;19.85511836;
SSE;20211103;20.10419727;
SSE;20211104;18.95226916;
SSE;20211105;18.46344124;
SSE;20211108;19.00938295;
SSE;20211109;19.08184596;
SSE;20211110;19.21345474;
SSE;20211111;18.89170751;
SSE;20211112;18.25323885;
SSE;20211115;18.68111043;
SSE;20211116;18.30085922;
SSE;20211117;17.95526283;
SSE;20211118;19.13682676;
SSE;20211119;18.74760112;
SSE;20211122;18.57948023;
SSE;20211123;18.29272241;
SSE;20211124;17.92819895;
SSE;20211125;17.19453876;
SSE;20211126;17.11124436;
SSE;20211129;17.19061438;
SSE;20211130;17.13014177;
SSE;20211201;16.8480536;
SSE;20211202;16.43389392;
SSE;20211203;15.95755012;
SSE;20211206;16.35992793;
SSE;20211207;16.45397125;
SSE;20211208;17.65894106;
SSE;20211209;18.43199653;
SSE;20211210;17.90879939;
SSE;20211213;18.24144149;
SSE;20211214;18.12640431;
SSE;20211215;17.21139863;
SSE;20211216;17.23058204;
SSE;20211217;17.20812303;
SSE;20211220;17.95359415;
SSE;20211221;17.38440973;
SSE;20211222;17.0844852;
SSE;20211223;16.21692239;
SSE;20211224;16.37564224;
SSE;20211227;16.74342646;
SSE;20211228;16.93579001;
SSE;20211229;18.44597184;
SSE;20211230;17.58175158;
SSE;20211231;17.7862375;
SSE;20220104;18.14483532;
SSE;20220105;18.6512482;
SSE;20220106;18.70440501;
SSE;20220107;17.98283515;
SSE;20220110;18.14935452;
SSE;20220111;18.07903562;
SSE;20220112;17.46429436;
SSE;20220113;18.49934025;
SSE;20220114;18.6948426;
SSE;20220117;18.16122659;
SSE;20220118;17.63356275;
SSE;20220119;17.82343561;
SSE;20220120;17.64217944;
SSE;20220121;17.60944798;
SSE;20220124;18.73702353;
SSE;20220125;20.58876126;
SSE;20220126;19.67614756;
SSE;20220127;19.93377776;
SSE;20220128;21.68811384;
SSE;20220207;19.24240244;
SSE;20220208;18.28415918;
SSE;20220209;17.80884237;
SSE;20220210;17.3668375;
SSE;20220211;17.07452056;
SSE;20220214;17.7085489;
SSE;20220215;17.68807443;
SSE;20220216;17.04373715;
SSE;20220217;16.94136104;
SSE;20220218;16.6532049;
SSE;20220221;16.89666112;
SSE;20220222;17.53009043;
SSE;20220223;16.75567854;
SSE;20220224;17.7984651;
SSE;20220225;17.09927711;
SSE;20220228;17.43524262;
SSE;20220301;16.64321426;
SSE;20220302;16.52818719;
SSE;20220303;16.83757826;
SSE;20220304;16.55955916;
SSE;20220307;19.34665403;
SSE;20220308;21.12912916;
SSE;20220309;23.34623088;
SSE;20220310;20.74079735;
SSE;20220311;21.62860958;
SSE;20220314;24.5618302;
SSE;20220315;25.81605427;
SSE;20220316;26.68355799;
SSE;20220317;25.25751258;
SSE;20220318;23.79508345;
SSE;20220321;23.45469365;
SSE;20220322;22.0714804;
SSE;20220323;20.11008137;
SSE;20220324;19.52273715;
SSE;20220325;21.51235626;
SSE;20220328;22.11655719;
SSE;20220329;22.31840192;
SSE;20220330;20.36539165;
SSE;20220331;20.3071198;
SSE;20220401;19.71031715;
SSE;20220406;19.6376058;
SSE;20220407;20.58842186;
SSE;20220408;19.8459448;
SSE;20220411;22.66634753;
SSE;20220412;21.46708345;
SSE;20220413;21.34457828;
SSE;20220414;20.25310059;
SSE;20220415;20.33795955;
SSE;20220418;21.23770028;
SSE;20220419;21.07325774;
SSE;20220420;22.33699895;
SSE;20220421;23.52768074;
SSE;20220422;22.81019897;
SSE;20220425;26.75163504;
SSE;20220426;28.4726675;
SSE;20220427;26.25479644;
SSE;20220428;23.41198451;
SSE;20220429;22.48038666;
SSE;20220505;22.80309205;
SSE;20220506;23.95442619;
SSE;20220509;24.47331434;
SSE;20220510;24.33854875;
SSE;20220511;23.36355742;
SSE;20220512;23.79878111;
SSE;20220513;23.17066228;
SSE;20220516;23.49094971;
SSE;20220517;22.56520974;
SSE;20220518;21.85973687;
SSE;20220519;21.88953856;
SSE;20220520;21.83207462;
SSE;20220523;21.15491418;
SSE;20220524;21.75710958;
SSE;20220525;20.98526393;
SSE;20220526;20.27473392;
SSE;20220527;19.63403231;
SSE;20220530;19.90016022;
SSE;20220531;20.21258753;
SSE;20220601;20.08092513;
SSE;20220602;19.96257568;
SSE;20220606;20.33013678;
SSE;20220607;20.58300408;
SSE;20220608;21.15239551;
SSE;20220609;20.65548784;
SSE;20220610;20.24735652;
SSE;20220613;21.17322672;
SSE;20220614;21.28332611;
SSE;20220615;22.23989153;
SSE;20220616;20.84843419;
SSE;20220617;21.45227543;
SSE;20220620;21.93723584;
SSE;20220621;21.36339116;
SSE;20220622;20.11565055;
SSE;20220623;20.32851649;
SSE;20220624;19.47647927;
SSE;20220627;20.68061634;
SSE;20220628;20.55486365;
SSE;20220629;20.62163554;
SSE;20220630;22.26355601;
SSE;20220701;21.99741846;
SSE;20220704;22.2781467;
SSE;20220705;22.20732971;
SSE;20220706;21.41778523;
SSE;20220707;20.94105708;
SSE;20220708;20.2868104;
SSE;20220711;20.88768048;
SSE;20220712;20.38273847;
SSE;20220713;20.0559933;
SSE;20220714;19.78274065;
SSE;20220715;20.0139924;
SSE;20220718;20.60070437;
SSE;20220719;20.35526678;
SSE;20220720;19.65419859;
SSE;20220721;19.79728702;
SSE;20220722;19.29735804;
SSE;20220725;19.97049194;
SSE;20220726;18.97444492;
SSE;20220727;19.41675764;
SSE;20220728;19.23959065;
SSE;20220729;20.28706143;
SSE;20220801;20.69677979;
SSE;20220802;24.05433841;
SSE;20220803;22.59278192;
SSE;20220804;20.68847675;
SSE;20220805;19.1981018;
SSE;20220808;19.3747617;
SSE;20220809;19.17061625;
SSE;20220810;19.50585571;
SSE;20220811;19.610259;
SSE;20220812;18.77211509;
SSE;20220815;19.28769322;
SSE;20220816;18.80750334;
SSE;20220817;18.55196715;
SSE;20220818;19.13590162;
SSE;20220819;18.47622632;
SSE;20220822;18.18293491;
SSE;20220823;17.95884727;
SSE;20220824;18.74887001;
SSE;20220825;17.9737063;
SSE;20220826;16.88179189;
SSE;20220829;17.68763157;
SSE;20220830;17.27234883;
SSE;20220831;17.4076826;
SSE;20220901;17.60111337;
SSE;20220902;18.00642326;
SSE;20220905;18.7297107;
SSE;20220906;17.58559057;
SSE;20220907;17.49639592;
SSE;20220908;16.96016186;
SSE;20220909;16.44601605;
SSE;20220913;16.67323086;
SSE;20220914;16.78232289;
SSE;20220915;17.01668149;
SSE;20220916;18.25724895;
SSE;20220919;18.65591479;
SSE;20220920;17.98835035;
SSE;20220921;18.85037097;
SSE;20220922;19.03150943;
SSE;20220923;18.96390091;
SSE;20220926;19.64751312;
SSE;20220927;18.64994201;
SSE;20220928;19.18253436;
SSE;20220929;18.56586939;
SSE;20220930;17.92373318;
SSE;20221010;19.46319582;
SSE;20221011;19.54107959;
SSE;20221012;19.91079992;
SSE;20221013;20.45956862;
SSE;20221014;19.18725266;
SSE;20221017;19.34910565;
SSE;20221018;18.59639881;
SSE;20221019;19.19775218;
SSE;20221020;19.99974734;
SSE;20221021;20.36653938;
SSE;20221024;23.76741779;
SSE;20221025;23.81043269;
SSE;20221026;22.19388186;
SSE;20221027;21.96810664;
SSE;20221028;23.5237592;
SSE;20221031;25.36949368;
SSE;20221101;22.92112312;
SSE;20221102;21.83554389;
SSE;20221103;22.73283359;
SSE;20221104;22.52558012;
SSE;20221107;23.28703519;
SSE;20221108;22.18237917;
SSE;20221109;21.83413918;
SSE;20221110;22.06448978;
SSE;20221111;21.63283903;
SSE;20221114;24.33589511;
SSE;20221115;23.63334789;
SSE;20221116;23.39982842;
SSE;20221117;23.31856574;
SSE;20221118;22.61510634;
SSE;20221121;22.10019594;
SSE;20221122;22.56077613;
SSE;20221123;22.60536729;
SSE;20221124;23.00676858;
SSE;20221125;21.92801549;
SSE;20221128;23.06237697;
SSE;20221129;24.18429545;
SSE;20221130;23.49378516;
SSE;20221201;20.66032887;
SSE;20221202;20.46212059;
SSE;20221205;20.65261023;
SSE;20221206;20.60523939;
SSE;20221207;20.57376991;
SSE;20221208;20.02465844;
SSE;20221209;19.66010214;
SSE;20221212;19.89879338;
SSE;20221213;19.98498371;
SSE;20221214;19.53063071;
SSE;20221215;18.7716202;
SSE;20221216;18.42088445;
SSE;20221219;19.00443383;
SSE;20221220;19.4036767;
SSE;20221221;18.88897005;
SSE;20221222;17.70883032;
SSE;20221223;18.40266104;
SSE;20221226;18.58776974;
SSE;20221227;17.99951558;
SSE;20221228;17.53053181;
SSE;20221229;17.24361323;
SSE;20221230;16.68730973;
SSE;20230103;16.90883894;
SSE;20230104;16.83355008;
SSE;20230105;16.97778318;
SSE;20230106;17.30366998;
SSE;20230109;18.65269764;
SSE;20230110;18.57887821;
SSE;20230111;18.31438126;
SSE;20230112;18.19843689;
SSE;20230113;16.87788429;
SSE;20230116;18.25301483;
SSE;20230117;18.65330815;
SSE;20230118;19.19376735;
SSE;20230119;19.84711659;
SSE;20230120;18.79538753;
SSE;20230130;19.67071197;
SSE;20230131;18.83424474;
SSE;20230201;19.21472149;
SSE;20230202;19.36530375;
SSE;20230203;19.54844151;
SSE;20230206;20.49918972;
SSE;20230207;20.14353215;
SSE;20230208;19.65881406;
SSE;20230209;19.27691863;
SSE;20230210;18.48177056;
SSE;20230213;18.67281752;
SSE;20230214;18.48346367;
SSE;20230215;18.02531071;
SSE;20230216;18.33244185;
SSE;20230217;18.64540864;
SSE;20230220;18.94006752;
SSE;20230221;18.97954969;
SSE;20230222;18.49730028;
SSE;20230223;18.1147505;
SSE;20230224;18.52653796;
SSE;20230227;18.94334052;
SSE;20230228;18.07233296;
SSE;20230301;17.79142071;
SSE;20230302;17.73002375;
SSE;20230303;17.81352572;
SSE;20230306;17.6268324;
SSE;20230307;18.1279828;
SSE;20230308;17.97196733;
